task_id,domain,audio_input_id,turns,task_success,tool_selection_success,argument_success,multi_tool_type,gold_tools,predicted_tools,correction_occurred,stale_work_occurred,duplicate_work_occurred,failure_reason
48,airline,01db805b-1031-4ac6-863e-947f842aba67,301,False,False,False,single,get_reservation_details,cancel_reservation,True,False,False,tool_selection
23,airline,04064355-1487-4313-bc43-544ed527eef4,1320,False,False,False,dependent,"cancel_reservation,book_reservation,book_reservation,book_reservation","get_user_details,get_user_details,get_reservation_details,search_onestop_flight,search_onestop_flight,update_reservation_flights,update_reservation_flights,update_reservation_flights,update_reservation_flights,update_reservation_flights",False,False,False,tool_selection
45,airline,093b22ec-d417-4280-8f6c-ba3df54f76bb,750,False,True,False,single,get_reservation_details,"get_reservation_details,get_reservation_details,get_reservation_details,get_user_details,cancel_reservation",True,False,False,intent_interpretation
13,airline,0da90041-1771-489f-9ea6-65c6446bc7bf,920,False,False,False,single,transfer_to_human_agents,"get_reservation_details,get_reservation_details,get_user_details,get_reservation_details,search_onestop_flight,search_direct_flight,search_onestop_flight,search_direct_flight,update_reservation_flights,update_reservation_flights,update_reservation_flights,update_reservation_flights,update_reservation_flights,update_reservation_flights,update_reservation_flights,update_reservation_flights",False,False,False,tool_selection
11,airline,0f12bd54-b6f1-4963-80dc-879d62b6c930,731,False,False,False,single,update_reservation_flights,"get_user_details,get_reservation_details,cancel_reservation",True,False,False,tool_selection
33,airline,17d05613-6d3a-4391-b8f6-578a7209fbd4,1004,False,False,False,dependent,"get_reservation_details,search_direct_flight,search_direct_flight,update_reservation_flights,update_reservation_baggages","get_user_details,get_reservation_details,search_direct_flight,search_direct_flight,update_reservation_flights,update_reservation_flights,transfer_to_human_agents",False,False,False,intent_interpretation
41,airline,1c37ba13-215c-441c-b405-0803cb6545fa,289,False,True,True,sequential,"get_user_details,get_reservation_details,get_reservation_details,get_reservation_details,get_reservation_details,get_reservation_details,get_reservation_details,get_reservation_details","get_user_details,get_reservation_details,get_reservation_details,get_reservation_details,get_reservation_details,get_reservation_details,get_reservation_details,get_reservation_details,cancel_reservation,cancel_reservation",True,False,False,intent_interpretation
44,airline,3e4201af-6e12-4605-95f7-d94f2f83412d,400,False,False,False,dependent,"get_user_details,get_reservation_details,get_reservation_details,get_reservation_details,get_reservation_details,get_reservation_details,search_direct_flight,search_direct_flight,search_direct_flight,search_direct_flight,search_direct_flight,search_direct_flight,search_direct_flight,search_direct_flight,search_direct_flight,search_direct_flight,update_reservation_flights,update_reservation_flights,update_reservation_flights",get_user_details,True,False,False,intent_interpretation
47,airline,459f72b8-24c1-4463-a5d7-159615693855,686,False,True,True,single,get_reservation_details,"get_reservation_details,cancel_reservation",True,False,False,intent_interpretation
17,airline,47aa74f2-f2b2-4617-aa8f-23c2eb10f7f8,570,False,False,False,dependent,"update_reservation_flights,update_reservation_passengers,update_reservation_baggages","get_user_details,get_reservation_details,get_reservation_details,get_reservation_details,get_reservation_details,get_reservation_details",True,False,False,tool_selection
16,airline,4b6eb40a-6435-46bb-b5f2-fbc9782f9910,753,False,True,False,single,update_reservation_flights,"get_user_details,get_user_details,get_user_details,get_reservation_details,get_reservation_details,search_direct_flight,search_onestop_flight,search_onestop_flight,update_reservation_flights",True,False,False,intent_interpretation
25,airline,53193688-4618-4d30-b45b-d450d87ed795,648,True,True,False,single,book_reservation,"get_user_details,get_reservation_details,book_reservation,book_reservation,get_user_details",True,False,False,none
37,airline,58771ecc-45ee-480e-8110-984a8c684ff9,619,False,False,False,dependent,"get_reservation_details,search_direct_flight,search_direct_flight,update_reservation_flights","cancel_reservation,cancel_reservation,get_reservation_details,cancel_reservation,cancel_reservation,cancel_reservation,get_user_details,cancel_reservation,cancel_reservation,update_reservation_flights,update_reservation_flights,transfer_to_human_agents",False,False,False,intent_interpretation
5,airline,5910cbcc-e0b2-4bc0-a2b0-aac06fcc2899,447,True,False,False,single,get_user_details,"send_certificate,transfer_to_human_agents",False,False,False,none
24,airline,594b0731-4223-4b55-832b-8e8f921351d5,845,False,False,False,single,book_reservation,"cancel_reservation,search_direct_flight,search_direct_flight,search_direct_flight,search_direct_flight,search_direct_flight,search_direct_flight,search_direct_flight,search_direct_flight,search_direct_flight,search_direct_flight,search_direct_flight,search_direct_flight,search_direct_flight,search_direct_flight,search_direct_flight,search_direct_flight,search_direct_flight,search_direct_flight,search_direct_flight,search_direct_flight,search_direct_flight,search_direct_flight,search_direct_flight,search_direct_flight,search_direct_flight,search_onestop_flight,search_onestop_flight,search_onestop_flight,search_onestop_flight,search_onestop_flight,search_onestop_flight,search_onestop_flight,search_onestop_flight,search_onestop_flight,search_onestop_flight,search_direct_flight,search_direct_flight,search_direct_flight,search_direct_flight,search_direct_flight,search_direct_flight,search_direct_flight,search_direct_flight,search_direct_flight,search_direct_flight,search_direct_flight,search_direct_flight,search_onestop_flight,search_onestop_flight,search_onestop_flight,search_onestop_flight,search_onestop_flight,search_onestop_flight,search_onestop_flight,search_onestop_flight,search_onestop_flight,search_onestop_flight,search_onestop_flight,search_onestop_flight,search_onestop_flight,search_onestop_flight,search_onestop_flight,search_onestop_flight,search_onestop_flight,search_onestop_flight,search_onestop_flight,search_onestop_flight,search_onestop_flight,search_onestop_flight,search_onestop_flight,search_onestop_flight,search_onestop_flight,search_onestop_flight,search_onestop_flight,search_onestop_flight,search_onestop_flight,search_onestop_flight,search_onestop_flight,search_onestop_flight,search_onestop_flight,search_onestop_flight,search_onestop_flight,search_onestop_flight,search_onestop_flight,search_onestop_flight,search_onestop_flight,search_onestop_flight,search_onestop_flight,search_onestop_flight,search_onestop_flight,search_onestop_flight,search_onestop_flight,search_onestop_flight,search_onestop_flight,search_onestop_flight,search_onestop_flight,search_onestop_flight,search_onestop_flight,search_onestop_flight,search_onestop_flight,search_onestop_flight,search_onestop_flight,search_onestop_flight,search_onestop_flight,search_onestop_flight,search_onestop_flight,search_onestop_flight,search_onestop_flight,search_onestop_flight,search_onestop_flight,search_onestop_flight,search_onestop_flight,search_onestop_flight,search_onestop_flight,search_onestop_flight,search_onestop_flight,search_onestop_flight,search_onestop_flight,search_onestop_flight,search_onestop_flight,search_onestop_flight,search_onestop_flight,search_onestop_flight,search_onestop_flight,search_onestop_flight,search_onestop_flight,search_onestop_flight,search_onestop_flight,search_onestop_flight,search_onestop_flight,search_onestop_flight,search_onestop_flight,search_onestop_flight,search_onestop_flight,search_onestop_flight,search_onestop_flight,search_onestop_flight,search_onestop_flight,search_onestop_flight,search_onestop_flight,search_onestop_flight,search_onestop_flight,search_onestop_flight,search_onestop_flight,search_onestop_flight,search_onestop_flight,search_onestop_flight,search_onestop_flight,search_onestop_flight,search_onestop_flight,search_onestop_flight,search_onestop_flight,search_onestop_flight,search_onestop_flight,search_onestop_flight,search_onestop_flight,search_onestop_flight,search_onestop_flight,search_onestop_flight,search_onestop_flight,search_onestop_flight,search_onestop_flight,search_onestop_flight,search_onestop_flight,search_onestop_flight,search_onestop_flight,search_onestop_flight,search_onestop_flight,search_onestop_flight,search_onestop_flight,search_onestop_flight,search_onestop_flight,search_onestop_flight,search_onestop_flight,search_onestop_flight,search_onestop_flight,search_onestop_flight,search_onestop_flight,search_onestop_flight,search_onestop_flight,search_onestop_flight,search_onestop_flight,search_onestop_flight,search_onestop_flight,search_onestop_flight,search_onestop_flight,search_onestop_flight,search_onestop_flight,search_onestop_flight,search_onestop_flight,search_onestop_flight,search_onestop_flight,search_onestop_flight,search_onestop_flight,search_onestop_flight,search_onestop_flight,search_onestop_flight,search_onestop_flight,search_onestop_flight",True,False,False,tool_selection
20,airline,5b22ba4a-7b0b-45d3-ab39-3e059a1db415,542,False,False,False,single,book_reservation,"search_direct_flight,search_onestop_flight,search_direct_flight,search_onestop_flight",True,False,False,tool_selection
19,airline,6336f4ce-ddd6-46d1-a63d-0b0eaeb78e70,470,False,False,False,single,cancel_reservation,"get_user_details,transfer_to_human_agents",False,False,False,tool_selection
32,airline,6b215e59-7aae-4cd6-b5c2-1fd1418a12cb,800,False,False,False,dependent,"get_user_details,get_reservation_details,search_direct_flight,update_reservation_flights,update_reservation_flights","get_user_details,get_reservation_details,get_reservation_details,get_reservation_details,get_reservation_details",True,False,False,intent_interpretation
30,airline,6d271b0d-ec5e-4751-8fe4-6284335c985b,761,False,True,False,dependent,"get_reservation_details,search_direct_flight,update_reservation_flights","get_reservation_details,search_direct_flight,search_direct_flight,search_direct_flight,update_reservation_flights",True,False,False,intent_interpretation
3,airline,7030fdcc-dd31-4eb6-babd-4dbc8b5b1bed,470,False,True,True,sequential,"get_reservation_details,get_user_details","get_user_details,get_reservation_details",True,False,False,intent_interpretation
40,airline,8d9cb0af-5db1-4306-aa60-ab93dabf6740,780,False,True,False,dependent,"get_reservation_details,update_reservation_passengers","update_reservation_passengers,get_reservation_details",True,False,False,intent_interpretation
0,airline,8f341da4-a879-4a3a-92f8-637b26bff048,374,True,True,False,single,,,True,False,False,none
43,airline,8f367be7-160c-4c1f-bb2e-698b778bedb3,822,True,False,False,sequential,"get_user_details,get_reservation_details,get_reservation_details,get_reservation_details,get_reservation_details,get_reservation_details",transfer_to_human_agents,False,False,False,none
14,airline,9f25d981-64aa-460c-9741-51af11f350fd,1117,False,True,False,sequential,"cancel_reservation,book_reservation","get_user_details,calculate,calculate,get_user_details,get_reservation_details,search_direct_flight,search_onestop_flight,search_direct_flight,search_onestop_flight,search_direct_flight,search_onestop_flight,search_onestop_flight,cancel_reservation,book_reservation,book_reservation,book_reservation",True,False,False,intent_interpretation
39,airline,a44fa34c-12dd-4568-b184-cdf237d6efbc,980,False,False,False,dependent,"get_user_details,get_reservation_details,get_reservation_details,get_reservation_details,get_reservation_details,get_reservation_details,get_reservation_details,get_reservation_details,cancel_reservation,cancel_reservation,cancel_reservation","get_user_details,cancel_reservation,cancel_reservation,cancel_reservation,cancel_reservation,cancel_reservation,cancel_reservation,cancel_reservation",True,False,False,intent_interpretation
34,airline,b0a68e88-a94c-4163-912f-dfaa0ebd5919,835,True,True,False,single,,"get_user_details,get_user_details,get_user_details,get_user_details,get_user_details,transfer_to_human_agents",False,False,False,none
6,airline,bc6cb54e-58a7-409c-87d2-35d18ca59765,650,True,False,False,single,get_reservation_details,,True,False,False,none
15,airline,bcc2b71d-bd63-4178-be1f-17190add421f,340,False,False,False,single,update_reservation_flights,"get_user_details,get_user_details,transfer_to_human_agents",False,False,False,tool_selection
35,airline,bf947eb0-f125-4445-9e2c-47cac1f823c8,373,False,False,False,single,book_reservation,"get_user_details,get_user_details,transfer_to_human_agents",False,False,False,tool_selection
7,airline,c30c5ef4-54a2-4038-9686-9366882e329b,760,False,False,False,dependent,"get_reservation_details,get_reservation_details,update_reservation_flights,cancel_reservation,cancel_reservation","cancel_reservation,cancel_reservation,get_user_details,get_user_details,cancel_reservation,cancel_reservation,get_user_details,get_user_details,get_reservation_details,get_reservation_details,get_reservation_details,get_reservation_details,get_reservation_details",True,False,False,intent_interpretation
8,airline,c3473187-40d3-4eac-953a-fd75f0c54e39,760,True,True,True,dependent,"get_user_details,get_reservation_details,search_direct_flight,book_reservation","get_user_details,get_reservation_details,search_direct_flight,book_reservation",True,False,False,none
36,airline,c39b055f-34ce-410c-9d11-49c4ad189435,670,True,True,True,single,get_reservation_details,"get_user_details,get_reservation_details",True,False,False,none
38,airline,c3cbbae7-9e0b-438c-8973-85fa814103a3,698,False,True,True,sequential,"get_user_details,get_reservation_details","get_user_details,get_reservation_details,get_flight_status,get_reservation_details,send_certificate",True,False,False,intent_interpretation
1,airline,ceacf6e7-b8c3-4bc5-8bcd-1bf4908c66b7,431,False,True,False,sequential,"get_user_details,get_reservation_details","get_user_details,get_reservation_details,get_reservation_details,get_reservation_details,get_reservation_details,get_reservation_details,cancel_reservation",True,False,False,intent_interpretation
2,airline,cf91f135-04c2-4701-8a65-a129f028d99a,635,False,True,False,sequential,"get_user_details,get_reservation_details,get_reservation_details","get_user_details,get_reservation_details,get_flight_status,get_flight_status,get_flight_status,get_flight_status,get_reservation_details,get_flight_status,get_flight_status,get_flight_status,get_flight_status,send_certificate",True,False,False,intent_interpretation
21,airline,d1f67aac-aaf2-4178-9a56-2609a32afa5d,1100,False,False,False,dependent,"update_reservation_flights,update_reservation_baggages","get_user_details,get_user_details,get_user_details,get_user_details,get_user_details,get_user_details,transfer_to_human_agents",False,False,False,tool_selection
10,airline,d3b144e7-80ca-4c16-a156-8ef7283f5bb3,1125,True,True,False,single,,"get_user_details,get_user_details,search_direct_flight,search_onestop_flight,get_reservation_details,search_direct_flight,search_onestop_flight,transfer_to_human_agents",False,False,False,none
27,airline,d50d6c02-49eb-4607-80c3-0f9efc05d46c,800,True,True,False,single,get_user_details,"get_user_details,get_user_details,transfer_to_human_agents",False,False,False,none
26,airline,d76945a0-7211-4b3b-9c85-23667d12de48,366,False,True,False,single,,"get_user_details,cancel_reservation,cancel_reservation",True,False,False,intent_interpretation
18,airline,d9aff308-6d40-454a-ba5d-17c46d194b64,165,False,False,False,dependent,"update_reservation_flights,update_reservation_flights,update_reservation_flights,update_reservation_flights,update_reservation_flights",,True,False,False,tool_selection
12,airline,de71ed78-ca5b-45f6-8854-251e09a5280d,420,False,False,False,dependent,"get_reservation_details,search_direct_flight,search_direct_flight,calculate,update_reservation_baggages","get_user_details,update_reservation_baggages,update_reservation_flights,update_reservation_flights,transfer_to_human_agents",False,False,False,intent_interpretation
28,airline,e03a93e6-bce4-4704-b11b-920db42c2317,373,True,True,False,single,,"get_reservation_details,transfer_to_human_agents",False,False,False,none
46,airline,e1e9577a-8e0d-4703-a81b-64842010d957,261,True,True,False,single,,transfer_to_human_agents,False,False,False,none
29,airline,e78815f8-3cba-4bb0-8099-d31a37d8ae61,930,False,False,False,dependent,"get_reservation_details,cancel_reservation,book_reservation","get_user_details,get_reservation_details,search_direct_flight,search_direct_flight,search_direct_flight,update_reservation_flights,update_reservation_flights,update_reservation_flights,update_reservation_baggages",False,False,False,intent_interpretation
4,airline,e9faea72-b7c9-4870-a1b5-aadd808243ee,667,True,True,True,sequential,"get_user_details,get_reservation_details,get_reservation_details,get_reservation_details,get_reservation_details,get_reservation_details","get_user_details,get_reservation_details,get_reservation_details,get_reservation_details,get_reservation_details,get_reservation_details,get_reservation_details,get_reservation_details,get_reservation_details,get_flight_status,get_flight_status,transfer_to_human_agents",False,False,False,none
31,airline,f0465ca3-fbff-4b63-b2d7-dc763d6ecbb9,560,True,True,False,single,,"get_user_details,get_reservation_details,get_reservation_details,get_reservation_details",False,False,False,none
9,airline,f2956bb5-fd29-424f-b773-911f55061962,1425,False,False,False,single,search_direct_flight,"get_user_details,get_user_details,get_user_details,get_reservation_details,get_reservation_details,get_reservation_details,cancel_reservation,transfer_to_human_agents",False,False,False,tool_selection
42,airline,f33f7a81-eaba-4473-b030-db1f9044c2c0,789,False,False,False,dependent,"get_user_details,get_reservation_details,get_reservation_details,get_reservation_details,get_reservation_details,get_reservation_details,get_reservation_details,get_reservation_details,cancel_reservation,cancel_reservation","get_user_details,get_user_details,search_direct_flight,search_direct_flight,search_direct_flight,search_direct_flight,search_direct_flight,search_direct_flight,search_direct_flight,search_direct_flight,search_onestop_flight,search_onestop_flight,search_onestop_flight,search_onestop_flight",True,False,False,intent_interpretation
22,airline,fa2b4be9-c9ba-4411-bc15-3172201c701e,670,False,False,False,dependent,"update_reservation_flights,update_reservation_passengers,update_reservation_baggages","get_user_details,update_reservation_passengers",True,False,False,intent_interpretation
49,airline,fed03716-9608-4e1e-99ad-809b3ac10381,490,True,True,False,single,get_reservation_details,"get_reservation_details,get_reservation_details,get_reservation_details,transfer_to_human_agents",False,False,False,none
87,retail,04384d88-9a4c-45c4-93c1-e06418818747,600,True,True,True,sequential,"modify_pending_order_address,modify_pending_order_address,modify_pending_order_address,modify_user_address","find_user_id_by_email,find_user_id_by_email,get_user_details,get_order_details,get_order_details,get_order_details,get_order_details,get_order_details,get_order_details,get_order_details,get_order_details,get_order_details,modify_user_address,modify_pending_order_address,modify_pending_order_address,modify_pending_order_address,modify_pending_order_address,modify_pending_order_address,modify_pending_order_address,modify_pending_order_address,modify_pending_order_address,modify_pending_order_address,modify_pending_order_address",True,False,False,none
51,retail,09b865bf-a311-4bb7-8a82-983c7e35e15a,538,False,False,False,dependent,"find_user_id_by_name_zip,get_order_details,get_product_details,get_user_details,get_order_details,return_delivered_order_items","find_user_id_by_name_zip,get_order_details,transfer_to_human_agents",False,False,False,tool_execution
84,retail,0b295790-c990-4ed2-a07b-f7934e7ca005,484,False,False,False,single,return_delivered_order_items,,True,False,False,tool_selection
49,retail,0d0a6bc3-4b38-46a1-8c30-4db0564fb9bc,460,False,False,False,dependent,"find_user_id_by_name_zip,get_user_details,get_order_details,get_order_details,get_order_details,get_order_details,get_order_details,get_product_details,calculate,exchange_delivered_order_items","find_user_id_by_name_zip,find_user_id_by_name_zip,find_user_id_by_name_zip,transfer_to_human_agents",False,False,False,tool_execution
0,retail,0f39b5a2-4235-4d51-8d97-295a13b5c44c,560,False,False,False,dependent,"find_user_id_by_name_zip,get_order_details,get_product_details,get_product_details,exchange_delivered_order_items","find_user_id_by_email,find_user_id_by_name_zip,transfer_to_human_agents",False,False,False,tool_execution
112,retail,0fb1c4c3-65a2-4e0d-866b-e046c5f0fad4,1429,False,True,False,dependent,"modify_pending_order_items,modify_pending_order_address,modify_pending_order_items","find_user_id_by_name_zip,find_user_id_by_name_zip,get_user_details,get_order_details,get_order_details,get_order_details,get_order_details,get_item_details,get_product_details,modify_pending_order_items,modify_pending_order_address,modify_pending_order_items",True,False,False,tool_execution
104,retail,139f4bb6-392a-47d6-adaa-6b1d78720113,905,False,True,False,dependent,"return_delivered_order_items,return_delivered_order_items,modify_pending_order_address,modify_pending_order_items,return_delivered_order_items","find_user_id_by_email,get_user_details,get_order_details,get_order_details,get_order_details,get_order_details,get_order_details,return_delivered_order_items,return_delivered_order_items,return_delivered_order_items,modify_pending_order_address,get_order_details,get_product_details,modify_pending_order_items",True,False,False,tool_execution
35,retail,1ab911e0-9737-4228-92af-faec552a8d1b,550,False,False,False,dependent,"find_user_id_by_email,find_user_id_by_email,get_user_details,get_order_details,get_product_details,return_delivered_order_items,modify_pending_order_items","find_user_id_by_email,find_user_id_by_email,find_user_id_by_name_zip,find_user_id_by_email,find_user_id_by_email,transfer_to_human_agents",False,False,False,tool_execution
70,retail,1c658574-ce5d-4956-9a81-529d8918915e,624,False,False,False,single,exchange_delivered_order_items,"find_user_id_by_name_zip,find_user_id_by_name_zip,transfer_to_human_agents",False,False,False,tool_selection
64,retail,1d9758bc-50c2-4b96-9efb-0167a8a8ed55,358,False,False,False,dependent,"find_user_id_by_name_zip,get_user_details,get_order_details,get_order_details,get_order_details,get_product_details,exchange_delivered_order_items,modify_pending_order_items",find_user_id_by_name_zip,True,False,False,tool_execution
78,retail,1dc7c5f4-efee-4a70-a726-213359eb4d1f,730,True,True,True,dependent,"modify_pending_order_address,modify_pending_order_items,cancel_pending_order","find_user_id_by_email,get_order_details,get_order_details,modify_pending_order_address,get_product_details,modify_pending_order_items,get_order_details,cancel_pending_order",True,False,False,none
95,retail,1f43ae5b-3aad-4682-8047-103e5c769ee9,1120,False,False,False,dependent,"exchange_delivered_order_items,exchange_delivered_order_items","find_user_id_by_name_zip,get_user_details,get_order_details,get_order_details,get_order_details,get_order_details,get_order_details,get_product_details,list_all_product_types",True,False,False,tool_selection
40,retail,1fca4890-eb97-4120-807b-a046f8a3da9c,700,True,True,False,dependent,"find_user_id_by_email,get_user_details,get_order_details,modify_pending_order_payment","find_user_id_by_email,get_user_details,get_order_details,modify_pending_order_payment,modify_pending_order_payment",True,False,False,none
106,retail,209ff6aa-8718-4909-b268-96e513af2679,971,False,False,False,single,exchange_delivered_order_items,"find_user_id_by_email,find_user_id_by_email,find_user_id_by_email,transfer_to_human_agents",False,False,False,tool_selection
96,retail,24ebddfb-9bed-4cbc-95be-88d3cf9d90c4,469,True,True,True,dependent,"modify_pending_order_address,modify_pending_order_items","find_user_id_by_name_zip,get_user_details,get_order_details,get_order_details,list_all_product_types,get_product_details,modify_pending_order_items,modify_pending_order_address,modify_pending_order_address",True,False,False,none
111,retail,2717bef6-4c6b-4349-8e34-f87ad79ba365,850,False,False,False,dependent,"modify_pending_order_items,modify_pending_order_address,modify_pending_order_items","find_user_id_by_name_zip,get_user_details,get_order_details,get_order_details,get_order_details,get_order_details,get_item_details,get_product_details,get_item_details,get_product_details,modify_pending_order_items,modify_pending_order_address",True,False,False,intent_interpretation
18,retail,282a32fd-2ed8-4aa3-a36d-70a9d518a6e5,1180,False,False,False,dependent,"find_user_id_by_name_zip,get_user_details,get_order_details,get_product_details,exchange_delivered_order_items","find_user_id_by_name_zip,find_user_id_by_name_zip,get_user_details,get_order_details,get_order_details,get_order_details,exchange_delivered_order_items",True,False,False,tool_execution
62,retail,29878d5c-1027-4eec-9dae-5a1ab524b00a,1147,False,True,True,sequential,"find_user_id_by_name_zip,get_user_details,get_order_details,get_order_details,get_product_details","find_user_id_by_name_zip,get_user_details,get_order_details,get_order_details,get_order_details,cancel_pending_order,list_all_product_types,get_product_details",True,False,False,tool_execution
48,retail,2a2c43e5-39e8-40df-9399-dcf50cf906a6,481,False,False,False,dependent,"find_user_id_by_name_zip,get_user_details,get_order_details,get_order_details,get_order_details,return_delivered_order_items","find_user_id_by_name_zip,find_user_id_by_name_zip,find_user_id_by_name_zip,transfer_to_human_agents",False,False,False,tool_execution
76,retail,2a46df0c-08ca-49b8-8d0d-ab290b60d725,1210,False,False,False,sequential,"cancel_pending_order,cancel_pending_order","find_user_id_by_name_zip,get_user_details,get_order_details,get_order_details,get_order_details,get_product_details,cancel_pending_order,get_order_details,get_order_details,get_order_details,get_order_details",True,False,False,intent_interpretation
42,retail,2c0d40f9-a6e0-442c-8ed6-6c0834de9fe4,582,False,False,False,dependent,"find_user_id_by_name_zip,get_user_details,get_order_details,get_order_details,modify_pending_order_address,modify_pending_order_address,modify_user_address,get_product_details,get_order_details,modify_pending_order_items","get_user_details,modify_user_address,get_order_details,get_order_details,list_all_product_types,get_product_details,modify_pending_order_items",True,False,False,tool_execution
66,retail,2da0a686-ac96-40d4-a9c7-bc0582cffa9a,780,False,False,False,dependent,"find_user_id_by_name_zip,get_user_details,get_order_details,get_order_details,cancel_pending_order","find_user_id_by_name_zip,find_user_id_by_name_zip,find_user_id_by_name_zip",True,False,False,tool_execution
59,retail,3165e208-3eb2-4453-a879-75c753c6fdfa,999,False,False,False,dependent,"find_user_id_by_name_zip,get_order_details,get_order_details,cancel_pending_order,modify_pending_order_address","find_user_id_by_name_zip,cancel_pending_order,modify_pending_order_address",True,False,False,tool_execution
28,retail,31784962-cfe8-4ba2-851a-5915a556ac8f,407,False,False,False,dependent,"find_user_id_by_name_zip,get_user_details,get_order_details,get_order_details,get_order_details,get_order_details,return_delivered_order_items,return_delivered_order_items,return_delivered_order_items,get_order_details,calculate","find_user_id_by_name_zip,find_user_id_by_name_zip,find_user_id_by_name_zip,transfer_to_human_agents",False,False,False,intent_interpretation
30,retail,345659bf-89e6-476c-ad6e-e75e2438f9dc,1173,True,False,False,dependent,"find_user_id_by_name_zip,get_user_details,get_order_details,get_order_details,get_order_details,get_product_details,return_delivered_order_items,get_order_details,cancel_pending_order,get_order_details,get_order_details,get_order_details,return_delivered_order_items","find_user_id_by_name_zip,get_user_details,get_order_details,get_order_details,get_order_details,get_order_details,get_order_details,exchange_delivered_order_items,return_delivered_order_items,cancel_pending_order,return_delivered_order_items",True,False,False,none
6,retail,35913d43-34c4-40bc-add7-48134f5bf466,915,True,False,False,dependent,"find_user_id_by_name_zip,get_user_details,get_order_details,get_product_details,get_product_details,exchange_delivered_order_items","find_user_id_by_name_zip,get_user_details,get_order_details,get_order_details,get_order_details,get_order_details,list_all_product_types,get_product_details,exchange_delivered_order_items",True,False,False,none
93,retail,3a157d92-57b3-4a91-8fc5-1d8eec1eaa65,914,True,True,True,single,exchange_delivered_order_items,"find_user_id_by_name_zip,find_user_id_by_name_zip,get_user_details,get_order_details,get_order_details,get_order_details,get_product_details,exchange_delivered_order_items",True,False,False,none
13,retail,3c18fb72-9224-40bc-a52a-607e5de45fe7,840,True,True,False,dependent,"find_user_id_by_email,get_user_details,get_order_details,get_order_details,return_delivered_order_items","find_user_id_by_email,find_user_id_by_email,get_user_details,get_order_details,return_delivered_order_items,get_order_details",True,False,False,none
109,retail,426c2bb6-c175-455f-a7d8-d759ff5e8813,474,False,False,False,dependent,"modify_pending_order_address,modify_user_address,modify_pending_order_items","find_user_id_by_email,find_user_id_by_email,transfer_to_human_agents",False,False,False,tool_selection
8,retail,48c2d25d-c589-4e99-a0ba-dac9bc3e2388,800,False,False,False,dependent,"find_user_id_by_name_zip,get_user_details,get_order_details,get_product_details,get_product_details,exchange_delivered_order_items","find_user_id_by_name_zip,find_user_id_by_name_zip,find_user_id_by_name_zip",True,False,False,tool_execution
71,retail,4ee69d22-53a1-429e-bec3-596ecc153573,920,False,True,False,dependent,"modify_pending_order_address,modify_pending_order_items","find_user_id_by_name_zip,get_user_details,get_order_details,get_order_details,get_order_details,get_order_details,get_order_details,get_item_details,get_product_details,modify_pending_order_items,modify_pending_order_address,modify_pending_order_address,get_user_details,modify_pending_order_payment,modify_pending_order_payment,modify_pending_order_items",True,False,False,tool_execution
55,retail,4f4e8872-7f4f-4eeb-aae3-29afa04b26d4,1371,False,True,False,dependent,"find_user_id_by_email,find_user_id_by_email,get_user_details,get_order_details,get_order_details,get_order_details,get_order_details,get_order_details,get_order_details,cancel_pending_order,cancel_pending_order,return_delivered_order_items,return_delivered_order_items","find_user_id_by_email,find_user_id_by_email,get_user_details,get_order_details,get_order_details,get_order_details,get_order_details,get_order_details,get_order_details,cancel_pending_order,cancel_pending_order,get_order_details,get_order_details,return_delivered_order_items,return_delivered_order_items",True,False,False,tool_execution
10,retail,4fabe4f4-81dc-4681-9020-6a9d869e62d5,454,True,False,False,sequential,"find_user_id_by_email,get_user_details,get_order_details,get_order_details,transfer_to_human_agents","find_user_id_by_email,transfer_to_human_agents",False,False,False,none
1,retail,51c33542-72ef-4847-9064-3a17a856ed0b,663,False,True,False,dependent,"find_user_id_by_name_zip,get_order_details,get_product_details,get_product_details,exchange_delivered_order_items","find_user_id_by_name_zip,find_user_id_by_name_zip,get_order_details,exchange_delivered_order_items,list_all_product_types,get_product_details,get_product_details",True,False,False,tool_execution
99,retail,53a36d79-0e01-4200-b332-fbcead049307,531,False,False,False,dependent,"exchange_delivered_order_items,exchange_delivered_order_items","find_user_id_by_name_zip,find_user_id_by_name_zip,transfer_to_human_agents",False,False,False,tool_selection
82,retail,577a4a03-c638-4c7c-9f92-4c014a7d99bf,930,True,True,False,single,return_delivered_order_items,"find_user_id_by_name_zip,find_user_id_by_name_zip,get_user_details,get_order_details,get_order_details,get_order_details,get_order_details,return_delivered_order_items,return_delivered_order_items",True,False,False,none
83,retail,5978c97a-85cb-49b3-b61e-1047eaf59644,877,False,True,False,single,return_delivered_order_items,"find_user_id_by_name_zip,find_user_id_by_name_zip,get_user_details,get_order_details,get_order_details,get_order_details,get_order_details,get_order_details,get_order_details,get_order_details,get_order_details,get_order_details,return_delivered_order_items",True,False,False,tool_execution
14,retail,5b378f7d-68b3-4fa8-a179-d18c6b17c611,897,True,True,False,dependent,"find_user_id_by_email,get_user_details,get_order_details,get_order_details,return_delivered_order_items,return_delivered_order_items","find_user_id_by_name_zip,find_user_id_by_email,get_user_details,get_order_details,get_order_details,return_delivered_order_items,return_delivered_order_items",True,False,False,none
36,retail,5dd0b213-e0f2-4fd4-b99e-73b575b049eb,730,False,False,False,single,modify_pending_order_items,"find_user_id_by_email,find_user_id_by_email,find_user_id_by_email,find_user_id_by_name_zip,transfer_to_human_agents",False,False,False,tool_selection
85,retail,6061df33-526e-4023-b7e5-894def604414,1207,False,False,False,single,modify_pending_order_items,"find_user_id_by_email,find_user_id_by_email,find_user_id_by_name_zip,transfer_to_human_agents",False,False,False,tool_selection
39,retail,61a3c6e0-8f5c-4f88-9b7b-06edbbf1f41a,278,False,False,False,dependent,"find_user_id_by_name_zip,find_user_id_by_name_zip,get_user_details,get_order_details,modify_user_address",find_user_id_by_email,True,False,False,tool_selection
46,retail,6257d411-a034-4820-ad28-4e73ea873420,900,False,False,False,dependent,"find_user_id_by_name_zip,get_order_details,get_order_details,get_order_details,calculate,return_delivered_order_items,calculate","find_user_id_by_name_zip,find_user_id_by_name_zip,get_order_details,get_order_details,return_delivered_order_items",True,False,False,intent_interpretation
68,retail,6664f1ab-8baa-4cc9-b236-82ec56f20063,310,True,True,False,sequential,"find_user_id_by_name_zip,find_user_id_by_name_zip,get_user_details,get_order_details","find_user_id_by_name_zip,find_user_id_by_name_zip,get_user_details,get_order_details",True,False,False,none
27,retail,66bf9684-5a38-423b-a662-9c98153bf84a,812,False,False,False,dependent,"find_user_id_by_name_zip,get_user_details,get_order_details,get_order_details,get_product_details,exchange_delivered_order_items","find_user_id_by_name_zip,find_user_id_by_name_zip,find_user_id_by_name_zip,find_user_id_by_name_zip,transfer_to_human_agents",False,False,False,tool_execution
105,retail,66c34512-5801-43ec-9c98-3980d16b14e2,609,False,False,False,single,exchange_delivered_order_items,"get_order_details,list_all_product_types,get_product_details,get_item_details,transfer_to_human_agents",False,False,False,tool_selection
11,retail,6a1ccb9d-9846-4685-8757-7ecd0a8b37c2,685,False,False,False,dependent,"find_user_id_by_email,get_user_details,get_order_details,get_order_details,return_delivered_order_items,return_delivered_order_items","find_user_id_by_email,find_user_id_by_email,get_user_details,get_order_details,get_order_details",True,False,False,tool_execution
3,retail,6a39b21f-057b-4936-a20b-ba3f92360952,520,False,False,False,dependent,"find_user_id_by_name_zip,get_product_details,get_product_details,get_user_details,get_order_details,get_order_details,get_order_details,get_order_details,get_order_details,get_product_details,get_user_details,modify_pending_order_items","list_all_product_types,find_user_id_by_name_zip,get_user_details,get_order_details,get_order_details,get_order_details,get_order_details,get_order_details,get_order_details,get_order_details,get_order_details,get_order_details,get_product_details",True,False,False,intent_interpretation
24,retail,6c51d53c-b3e1-452c-aacc-49a5ee9efb66,665,False,True,False,single,,"find_user_id_by_name_zip,find_user_id_by_name_zip,find_user_id_by_name_zip,find_user_id_by_name_zip,get_user_details,get_order_details,get_order_details",True,False,False,intent_interpretation
32,retail,6dc6a359-8222-40d2-ae11-f315cb629bb1,967,False,False,False,dependent,"find_user_id_by_name_zip,get_user_details,get_order_details,get_order_details,get_order_details,get_order_details,get_order_details,get_order_details,cancel_pending_order,get_order_details,cancel_pending_order,get_order_details,return_delivered_order_items","find_user_id_by_name_zip,get_user_details,get_order_details,get_order_details,get_order_details,get_order_details,get_order_details,return_delivered_order_items",True,False,False,tool_execution
56,retail,6fcf9972-e10d-49d7-92c4-b62d69887039,141,False,False,False,dependent,"find_user_id_by_name_zip,get_user_details,get_order_details,get_order_details,get_order_details,get_product_details,modify_pending_order_items",,True,False,False,tool_selection
63,retail,7015bfc7-04c1-44cb-820f-f30fc11856f3,940,False,False,False,dependent,"find_user_id_by_name_zip,get_user_details,get_order_details,get_order_details,get_product_details,calculate,modify_pending_order_items","find_user_id_by_name_zip,get_user_details,get_order_details,get_order_details,get_order_details,cancel_pending_order,list_all_product_types,get_product_details",True,False,False,intent_interpretation
17,retail,72ab64da-2885-49c3-ade2-42409f3c79b9,160,True,False,False,dependent,"find_user_id_by_name_zip,get_user_details,get_order_details,get_order_details,get_order_details,modify_pending_order_address","get_order_details,modify_pending_order_address",True,False,False,none
100,retail,73192537-e9ab-4c1c-be8a-1173d6465510,1076,False,True,False,sequential,"modify_pending_order_items,return_delivered_order_items","find_user_id_by_name_zip,find_user_id_by_name_zip,find_user_id_by_name_zip,get_user_details,get_order_details,get_order_details,get_order_details,get_order_details,get_order_details,get_order_details,get_product_details,get_product_details,modify_pending_order_items,modify_pending_order_items,return_delivered_order_items,return_delivered_order_items,return_delivered_order_items",True,False,False,tool_execution
43,retail,7482c656-508b-4052-9cf4-9f5d9ca5c1c4,1155,True,True,False,dependent,"find_user_id_by_name_zip,get_user_details,get_order_details,get_order_details,modify_user_address","find_user_id_by_name_zip,find_user_id_by_name_zip,get_user_details,get_order_details,get_order_details,modify_user_address",True,False,False,none
73,retail,75ea9347-7e99-443d-a702-a8ea83a22362,460,False,False,False,single,return_delivered_order_items,"find_user_id_by_email,find_user_id_by_email,find_user_id_by_email,find_user_id_by_email,find_user_id_by_name_zip,transfer_to_human_agents",False,False,False,tool_selection
26,retail,775414c9-e48a-40a2-8b9d-39f930716596,590,True,False,False,dependent,"find_user_id_by_name_zip,get_user_details,get_order_details,get_order_details,get_order_details,get_order_details,return_delivered_order_items,transfer_to_human_agents","find_user_id_by_name_zip,get_user_details,get_order_details,get_order_details,get_order_details,get_order_details,get_order_details,return_delivered_order_items",True,False,False,none
97,retail,784e3aac-a962-4d58-b505-ee2b7a48ae2d,452,False,False,False,dependent,"modify_pending_order_address,modify_pending_order_items","find_user_id_by_name_zip,find_user_id_by_name_zip",True,False,False,tool_selection
88,retail,7969482c-0550-44f6-a2c7-21286d30a056,510,False,False,False,single,cancel_pending_order,"find_user_id_by_email,find_user_id_by_email,find_user_id_by_name_zip,transfer_to_human_agents",False,False,False,tool_selection
98,retail,80602dff-34db-4749-b58b-3f614a9b018d,1496,False,False,False,dependent,"exchange_delivered_order_items,exchange_delivered_order_items,cancel_pending_order","find_user_id_by_name_zip,find_user_id_by_name_zip,get_user_details,get_order_details,get_order_details,get_order_details,get_order_details,get_order_details,get_order_details,get_order_details,get_product_details,get_product_details,cancel_pending_order",True,False,False,tool_execution
75,retail,829cc5c1-a247-418e-8a2a-083498311d61,333,False,False,False,single,exchange_delivered_order_items,find_user_id_by_name_zip,True,False,False,tool_selection
102,retail,82d98b14-8ce7-463e-9763-fcc4f2bedf99,1291,True,True,False,dependent,"modify_pending_order_address,modify_pending_order_items,exchange_delivered_order_items","find_user_id_by_name_zip,find_user_id_by_name_zip,get_user_details,get_order_details,get_order_details,get_order_details,modify_pending_order_address,modify_pending_order_items,modify_pending_order_items,get_product_details,modify_pending_order_items,get_order_details,get_product_details,exchange_delivered_order_items",True,False,False,none
58,retail,82e4c55d-e325-4bd4-bda8-3770fa2136f8,824,False,False,False,dependent,"find_user_id_by_name_zip,get_user_details,get_order_details,get_product_details,get_product_details,exchange_delivered_order_items","find_user_id_by_name_zip,get_user_details,get_order_details,get_order_details,get_order_details,get_product_details,exchange_delivered_order_items,transfer_to_human_agents",False,False,False,tool_execution
16,retail,86836e2e-a367-4c42-9e15-5eb4a52a78dc,206,False,False,False,dependent,"find_user_id_by_name_zip,get_user_details,get_order_details,get_order_details,get_order_details,calculate,cancel_pending_order,cancel_pending_order,return_delivered_order_items",,True,False,False,tool_selection
81,retail,89a92114-bf41-4dbc-92d0-aea62d129fa3,600,False,False,False,sequential,"cancel_pending_order,cancel_pending_order","find_user_id_by_email,get_user_details,get_order_details,get_order_details,get_order_details,get_order_details,get_order_details,get_order_details,get_order_details,cancel_pending_order",True,False,False,tool_execution
103,retail,8fc729b6-ea7e-4a3a-b398-4165cb53dadf,692,False,False,False,dependent,"return_delivered_order_items,return_delivered_order_items,modify_pending_order_address,modify_pending_order_items","find_user_id_by_email,get_user_details,transfer_to_human_agents",False,False,False,tool_selection
21,retail,909da25c-a72d-49e4-9fcd-020f4836ad3f,491,False,False,False,dependent,"find_user_id_by_name_zip,get_user_details,get_order_details,get_order_details,get_order_details,get_item_details,get_item_details,get_product_details,get_item_details,get_product_details,calculate,modify_pending_order_items","find_user_id_by_email,find_user_id_by_name_zip,find_user_id_by_name_zip,get_user_details,get_order_details,get_order_details,get_order_details,modify_pending_order_items,transfer_to_human_agents",False,False,False,intent_interpretation
31,retail,911d09f9-91ca-4244-83f4-f42a9fed6f14,583,False,False,False,dependent,"find_user_id_by_name_zip,get_user_details,get_order_details,get_order_details,get_order_details,get_order_details,get_order_details,get_order_details,cancel_pending_order,get_order_details,get_order_details,return_delivered_order_items",find_user_id_by_name_zip,True,False,False,tool_execution
22,retail,92095995-bdc8-4aad-ad33-3bf3a0a23e20,442,False,False,False,dependent,"find_user_id_by_name_zip,modify_user_address,get_order_details,get_order_details,get_order_details,modify_pending_order_address,modify_user_address",,True,False,False,tool_selection
86,retail,9a0206e6-2204-4db8-bb7f-d1da8582eb16,933,True,True,True,sequential,"modify_pending_order_items,modify_user_address","find_user_id_by_email,get_user_details,get_order_details,get_order_details,get_order_details,get_order_details,get_order_details,get_product_details,exchange_delivered_order_items,modify_pending_order_items,modify_user_address",True,False,False,none
57,retail,9ffe4d5f-1c3c-4a93-91ec-2bb5fb7b52cc,760,False,True,False,single,,"get_order_details,cancel_pending_order",True,False,False,tool_execution
37,retail,a18dbc04-07fd-44b4-a647-940fc78c90fb,780,False,False,False,sequential,"find_user_id_by_email,find_user_id_by_name_zip,get_user_details,modify_pending_order_items","find_user_id_by_email,find_user_id_by_email,find_user_id_by_name_zip,find_user_id_by_name_zip,get_user_details,get_order_details,cancel_pending_order",True,False,False,intent_interpretation
92,retail,a3377c05-1837-48a6-aa82-348b22cbd1f5,800,True,True,True,dependent,"return_delivered_order_items,return_delivered_order_items","find_user_id_by_name_zip,find_user_id_by_name_zip,get_user_details,get_order_details,get_order_details,get_order_details,get_order_details,return_delivered_order_items,return_delivered_order_items,return_delivered_order_items",True,False,False,none
77,retail,a4901cfb-afb6-4d93-a72d-29e48d754841,359,False,False,False,single,exchange_delivered_order_items,"find_user_id_by_name_zip,find_user_id_by_name_zip,transfer_to_human_agents",False,False,False,tool_selection
94,retail,a494dc45-d8e5-41b8-b1d8-ef453e935947,677,False,False,False,single,exchange_delivered_order_items,"find_user_id_by_name_zip,find_user_id_by_name_zip,transfer_to_human_agents",False,False,False,tool_selection
20,retail,a4c694a1-cfd6-4d55-ae9a-bf34199ca6ba,1075,True,True,True,dependent,"find_user_id_by_name_zip,get_user_details,get_order_details,get_order_details,get_product_details,get_product_details,get_product_details,get_product_details,modify_pending_order_items,get_order_details","find_user_id_by_name_zip,get_user_details,get_order_details,get_order_details,list_all_product_types,get_product_details,get_product_details,get_product_details,get_product_details,get_product_details,get_product_details,get_product_details,modify_pending_order_items,get_order_details",True,False,False,none
34,retail,a4e49c6d-ac45-4152-8077-0936fec2b4c6,540,False,False,False,dependent,"find_user_id_by_name_zip,get_user_details,get_order_details,get_order_details,get_order_details,modify_pending_order_address","find_user_id_by_name_zip,get_user_details,get_order_details",True,False,False,tool_execution
110,retail,a6a8f057-bf64-401a-93b1-3f38c9ecae99,551,False,False,False,sequential,"modify_pending_order_address,modify_user_address,modify_pending_order_items","find_user_id_by_email,get_user_details,get_order_details,transfer_to_human_agents",False,False,False,tool_selection
47,retail,a91f057c-df7d-4da0-9da5-a2109fe8a890,1240,False,False,False,dependent,"find_user_id_by_name_zip,get_order_details,get_order_details,get_order_details,calculate,return_delivered_order_items,calculate","find_user_id_by_name_zip,get_order_details,get_order_details,get_order_details,return_delivered_order_items",True,False,False,intent_interpretation
15,retail,a9840330-4863-4e38-9baa-fc3149b361e7,1198,False,False,False,dependent,"find_user_id_by_name_zip,get_user_details,get_order_details,get_order_details,get_order_details,get_product_details,modify_pending_order_items","find_user_id_by_name_zip,get_user_details,get_order_details,get_order_details,get_order_details,get_order_details,exchange_delivered_order_items,return_delivered_order_items",True,False,False,tool_execution
74,retail,aab2faaf-ef53-45d6-acd3-65a7856b914c,1370,False,True,False,sequential,"cancel_pending_order,modify_pending_order_items","find_user_id_by_name_zip,find_user_id_by_name_zip,get_user_details,get_order_details,get_order_details,get_order_details,get_order_details,get_product_details,get_product_details,modify_pending_order_items,cancel_pending_order",True,False,False,tool_execution
41,retail,aaf263b2-5dc4-467f-839a-135391323f2b,860,False,False,False,dependent,"find_user_id_by_name_zip,get_user_details,get_order_details,get_order_details,modify_pending_order_address,modify_pending_order_address,modify_user_address,get_product_details,get_order_details,modify_pending_order_items","get_user_details,find_user_id_by_name_zip,find_user_id_by_name_zip,get_user_details,get_order_details,get_order_details,modify_pending_order_address,modify_user_address,modify_user_address,list_all_product_types,get_product_details,modify_pending_order_items",True,False,False,tool_execution
50,retail,ac2995ba-9548-498e-ad51-dd1a47794547,369,True,True,False,single,transfer_to_human_agents,"find_user_id_by_name_zip,transfer_to_human_agents",False,False,False,none
80,retail,bfcbc1f2-3501-4a44-b187-79ca5f0aacd3,525,True,True,True,single,exchange_delivered_order_items,"find_user_id_by_email,get_order_details,get_product_details,exchange_delivered_order_items",True,False,False,none
54,retail,c1c6fe97-fc13-4c86-acf3-2c32dde6c136,960,False,False,False,dependent,"find_user_id_by_email,find_user_id_by_email,get_user_details,get_order_details,get_order_details,get_order_details,get_order_details,get_order_details,get_order_details,cancel_pending_order,cancel_pending_order,return_delivered_order_items","find_user_id_by_email,find_user_id_by_email,get_user_details,get_order_details,get_order_details,get_order_details,get_order_details,get_order_details,get_order_details,get_order_details,get_order_details,get_order_details,get_order_details,get_order_details,get_order_details,get_order_details,get_order_details,cancel_pending_order,cancel_pending_order,cancel_pending_order,cancel_pending_order,list_all_product_types,get_product_details,calculate",True,False,False,intent_interpretation
19,retail,c3a9bcb1-0444-44b3-aa2e-d1f7b884a08d,690,False,False,False,dependent,"find_user_id_by_name_zip,get_user_details,get_order_details,get_order_details,get_product_details,get_product_details,return_delivered_order_items","find_user_id_by_name_zip,find_user_id_by_name_zip",True,False,False,intent_interpretation
69,retail,c4208f6d-322c-4095-94a5-15a3b832f097,677,True,True,True,dependent,"find_user_id_by_name_zip,get_user_details,get_order_details,cancel_pending_order","find_user_id_by_name_zip,get_user_details,get_order_details,get_order_details,get_order_details,cancel_pending_order",True,False,False,none
113,retail,c49e540d-5d62-4849-84cb-0bfe60c1536b,596,True,True,True,sequential,"cancel_pending_order,cancel_pending_order","find_user_id_by_name_zip,get_user_details,get_order_details,get_order_details,get_order_details,get_order_details,cancel_pending_order,cancel_pending_order",True,False,False,none
9,retail,c5030e85-ed5f-46a7-92ad-3e507bd4c24a,800,False,False,False,dependent,"find_user_id_by_name_zip,get_user_details,get_order_details,get_product_details,get_product_details,exchange_delivered_order_items","find_user_id_by_name_zip,get_user_details,get_order_details,get_order_details,get_order_details,get_product_details,get_product_details,get_product_details",True,False,False,tool_execution
53,retail,c5b70403-f36b-4aa7-865f-64054adf1bfe,391,False,False,False,dependent,"find_user_id_by_name_zip,get_user_details,get_order_details,get_order_details,get_order_details,return_delivered_order_items","find_user_id_by_name_zip,transfer_to_human_agents",False,False,False,tool_execution
89,retail,c8927e92-a6f4-46b7-a45e-3142b9cea798,892,False,False,False,single,return_delivered_order_items,"find_user_id_by_name_zip,find_user_id_by_name_zip,list_all_product_types,get_product_details,transfer_to_human_agents",False,False,False,tool_selection
23,retail,c8a35938-ece5-4d88-a9db-10b31e171af1,1830,True,False,False,dependent,"find_user_id_by_name_zip,get_user_details,get_order_details,get_order_details,get_order_details,get_order_details,get_product_details,exchange_delivered_order_items,get_product_details,exchange_delivered_order_items,get_product_details,modify_pending_order_items","find_user_id_by_name_zip,get_user_details,get_order_details,get_order_details,get_order_details,get_order_details,get_order_details,get_order_details,get_order_details,exchange_delivered_order_items,list_all_product_types,exchange_delivered_order_items,exchange_delivered_order_items,exchange_delivered_order_items,get_product_details,exchange_delivered_order_items,exchange_delivered_order_items,get_product_details,exchange_delivered_order_items,exchange_delivered_order_items,get_order_details,modify_pending_order_items",True,False,False,none
91,retail,c9cde8cc-fa4a-42fa-8d29-c31fce0fa3fb,1093,True,True,True,dependent,"return_delivered_order_items,exchange_delivered_order_items","find_user_id_by_name_zip,find_user_id_by_name_zip,get_user_details,get_order_details,get_order_details,get_order_details,get_order_details,return_delivered_order_items,get_item_details,list_all_product_types,get_product_details,exchange_delivered_order_items",True,False,False,none
72,retail,cc13f01e-53c7-4b9c-97e2-5ddc4a9cd72b,638,False,False,False,dependent,"modify_pending_order_address,modify_pending_order_items","find_user_id_by_name_zip,get_user_details,get_order_details,get_product_details,modify_pending_order_items",True,False,False,tool_execution
90,retail,ccbbe0e5-79c9-4e01-a71b-201daafe8441,668,True,True,True,single,cancel_pending_order,"find_user_id_by_name_zip,find_user_id_by_email,get_user_details,get_order_details,get_order_details,get_order_details,get_product_details,cancel_pending_order",True,False,False,none
79,retail,d128b840-367c-41a0-a10d-ecce1af0b684,364,False,False,False,single,modify_pending_order_items,"find_user_id_by_name_zip,transfer_to_human_agents",False,False,False,tool_selection
45,retail,d1a2ec6d-f3a6-4682-aa3c-e401b3a0d618,1101,False,False,False,dependent,"find_user_id_by_name_zip,get_order_details,get_product_details,calculate,exchange_delivered_order_items","find_user_id_by_name_zip,find_user_id_by_name_zip,find_user_id_by_name_zip,get_order_details,get_product_details,exchange_delivered_order_items",True,False,False,intent_interpretation
25,retail,d1a42f6b-81fe-46e5-ae71-519cbb0108dc,708,True,True,True,sequential,"find_user_id_by_name_zip,get_user_details,get_order_details,get_order_details,get_order_details,get_order_details","find_user_id_by_name_zip,get_user_details,get_order_details,get_order_details,get_order_details,get_order_details,get_order_details,get_order_details,get_order_details,transfer_to_human_agents",False,False,False,none
4,retail,d4842acb-6e3b-4de2-9390-6cec24464af5,420,False,False,False,dependent,"find_user_id_by_name_zip,get_product_details,get_product_details,get_user_details,get_order_details,get_order_details,get_order_details,get_order_details,get_order_details,get_product_details,get_user_details,modify_pending_order_items,modify_pending_order_items","list_all_product_types,find_user_id_by_name_zip,get_order_details",True,False,False,intent_interpretation
29,retail,d4e35141-7a6d-4397-91dc-c84d7a908804,795,False,True,False,dependent,"find_user_id_by_name_zip,get_user_details,get_order_details,get_product_details,exchange_delivered_order_items,exchange_delivered_order_items","find_user_id_by_name_zip,find_user_id_by_name_zip,get_user_details,get_order_details,get_order_details,get_order_details,get_order_details,get_order_details,get_order_details,get_order_details,get_order_details,get_product_details,exchange_delivered_order_items,get_order_details,get_order_details,exchange_delivered_order_items",True,False,False,intent_interpretation
2,retail,d9dd3887-3c8a-49d3-a475-1c702ac63b02,628,False,False,False,dependent,"find_user_id_by_name_zip,get_product_details,get_product_details,get_user_details,get_order_details,get_order_details,get_order_details,get_order_details,get_order_details,get_product_details,return_delivered_order_items","find_user_id_by_name_zip,list_all_product_types,transfer_to_human_agents",False,False,False,intent_interpretation
60,retail,da5e1236-027d-4540-9f9b-90df0c6646cf,229,False,False,False,dependent,"find_user_id_by_name_zip,get_order_details,get_product_details,modify_pending_order_items",,True,False,False,tool_selection
101,retail,dc1aaa90-41f6-48e1-aa3f-488cde6e2730,982,False,True,False,dependent,"modify_pending_order_address,modify_pending_order_items,modify_pending_order_items","find_user_id_by_name_zip,get_user_details,get_order_details,get_order_details,modify_pending_order_address,get_product_details,modify_pending_order_items,get_product_details,modify_pending_order_items,modify_pending_order_items",True,False,False,tool_execution
52,retail,dc4eebf8-c872-470c-89b9-dfb0cdde8c35,491,False,False,False,dependent,"find_user_id_by_name_zip,get_user_details,get_order_details,get_product_details,exchange_delivered_order_items","find_user_id_by_name_zip,transfer_to_human_agents",False,False,False,tool_execution
33,retail,e018b7f9-f15f-400e-aced-607e270d51ac,1126,False,False,False,dependent,"find_user_id_by_name_zip,get_user_details,get_order_details,get_order_details,get_order_details,modify_user_address","find_user_id_by_name_zip,get_user_details,get_order_details,get_order_details,get_order_details,get_order_details,get_order_details,modify_pending_order_items,cancel_pending_order",True,False,False,tool_execution
107,retail,e31056bb-540e-4b62-bca2-2cb259c493a2,390,False,False,False,dependent,"exchange_delivered_order_items,exchange_delivered_order_items","find_user_id_by_name_zip,find_user_id_by_name_zip,transfer_to_human_agents",False,False,False,tool_selection
108,retail,e5bacf44-960e-4ced-8a06-f26da7bce970,501,True,True,False,single,return_delivered_order_items,"find_user_id_by_name_zip,get_user_details,get_order_details,return_delivered_order_items",True,False,False,none
44,retail,e67df7fe-3d08-4bde-8054-a2e2ac507a3a,770,True,False,False,dependent,"find_user_id_by_name_zip,get_order_details,get_product_details,calculate,modify_pending_order_items","find_user_id_by_name_zip,find_user_id_by_name_zip,get_order_details,get_product_details,modify_pending_order_items",True,False,False,none
5,retail,ec551323-e8cc-492f-8b0b-3c1257de29ff,860,False,False,False,dependent,"find_user_id_by_name_zip,get_user_details,get_order_details,get_product_details,return_delivered_order_items","find_user_id_by_name_zip,find_user_id_by_name_zip,get_user_details,transfer_to_human_agents",False,False,False,tool_execution
7,retail,f0b49145-339c-4c0e-8238-18ff34fbb46f,597,False,False,False,dependent,"find_user_id_by_name_zip,get_user_details,get_order_details,get_product_details,get_product_details,exchange_delivered_order_items","find_user_id_by_name_zip,transfer_to_human_agents",False,False,False,tool_execution
12,retail,f1ba4633-e30b-4d12-93c9-326bb1ea5bd2,399,True,False,False,sequential,"find_user_id_by_email,get_user_details,get_order_details,get_order_details,transfer_to_human_agents","find_user_id_by_email,get_user_details",True,False,False,none
67,retail,f2aced95-fbee-4a99-904b-c74e0950ecd4,523,True,True,True,sequential,"find_user_id_by_name_zip,find_user_id_by_name_zip,find_user_id_by_name_zip,get_user_details,get_order_details","find_user_id_by_name_zip,find_user_id_by_name_zip,find_user_id_by_name_zip,get_user_details,get_order_details",True,False,False,none
38,retail,fd646866-942a-4031-aca0-4794128b6e6a,740,True,False,False,sequential,"find_user_id_by_email,find_user_id_by_name_zip,calculate,cancel_pending_order","find_user_id_by_email,find_user_id_by_name_zip,get_user_details,get_order_details,cancel_pending_order",True,False,False,none
61,retail,ff46b627-a664-4cb4-bacf-7477eb8a2eb7,579,True,False,False,dependent,"find_user_id_by_name_zip,get_order_details,get_product_details,calculate,modify_pending_order_items","find_user_id_by_name_zip,find_user_id_by_name_zip,get_order_details,get_product_details,modify_pending_order_items",True,False,False,none
65,retail,ffed0083-5269-4063-ab87-1444127c6681,550,True,False,False,sequential,"find_user_id_by_name_zip,get_user_details,get_order_details","find_user_id_by_name_zip,transfer_to_human_agents",False,False,False,none
[service_issue]break_apn_settings|overdue_bill_suspension|unseat_sim_card[PERSONA:Hard],telecom,0141d682-3e36-4a49-9183-662937ef83a5,1271,False,False,False,dependent,"reset_apn_settings,reboot_device,send_payment_request,make_payment,resume_line,reboot_device,reseat_sim_card","get_customer_by_phone,toggle_airplane_mode,toggle_airplane_mode,check_sim_status,reseat_sim_card,reset_apn_settings,reset_apn_settings,transfer_to_human_agents",True,False,False,tool_execution
[mobile_data_issue]airplane_mode_on|bad_network_preference[PERSONA:Hard],telecom,02f73ac7-24eb-4a3c-b168-f3e630280622,629,False,False,False,sequential,"toggle_airplane_mode,set_network_mode_preference","get_customer_by_phone,get_customer_by_phone,transfer_to_human_agents",False,False,False,tool_selection
[mobile_data_issue]airplane_mode_on|bad_network_preference|bad_vpn|data_mode_off|data_saver_mode_on|data_usage_exceeded|user_abroad_roaming_disabled_off[PERSONA:Hard],telecom,02f9cfc6-91d1-467d-8ee6-1a69371215be,860,False,False,False,dependent,"toggle_airplane_mode,set_network_mode_preference,disconnect_vpn,toggle_data,toggle_data_saver_mode,refuel_data,enable_roaming,toggle_roaming","get_customer_by_phone,toggle_airplane_mode,toggle_data,set_network_mode_preference,transfer_to_human_agents",True,False,False,tool_execution
[service_issue]break_apn_settings|lock_sim_card_pin|overdue_bill_suspension|unseat_sim_card[PERSONA:Easy],telecom,06c2215e-e648-4199-ac9c-35d4c331db6a,1258,True,True,False,single,transfer_to_human_agents,"get_customer_by_phone,check_status_bar,check_network_status,toggle_airplane_mode,check_sim_status,reset_apn_settings,reboot_device,transfer_to_human_agents",True,False,False,none
[service_issue]airplane_mode_on|break_apn_settings[PERSONA:Hard],telecom,0a5172dd-5ce8-4399-8be3-53f6f06b025d,1150,False,False,False,sequential,"toggle_airplane_mode,reset_apn_settings,reboot_device","get_customer_by_phone,get_customer_by_phone,toggle_airplane_mode,transfer_to_human_agents",False,False,False,tool_execution
[service_issue]break_apn_settings|lock_sim_card_pin[PERSONA:None],telecom,0ae970cd-76b3-4f3c-bfca-fc6363458e15,496,True,True,False,single,transfer_to_human_agents,"get_customer_by_phone,check_network_status,check_sim_status,transfer_to_human_agents",True,False,False,none
[mms_issue]bad_network_preference|bad_wifi_calling|break_app_sms_permission|data_mode_off|unseat_sim_card|user_abroad_roaming_enabled_off[PERSONA:Hard],telecom,0b117571-378b-4f56-a936-5b2c2345a3b5,380,False,False,False,sequential,"set_network_mode_preference,toggle_wifi_calling,grant_app_permission,toggle_data,reseat_sim_card,toggle_roaming","get_customer_by_phone,can_send_mms,check_apn_settings,transfer_to_human_agents",False,False,False,tool_selection
[mobile_data_issue]airplane_mode_on|bad_network_preference|bad_vpn|data_mode_off|data_saver_mode_on|data_usage_exceeded|user_abroad_roaming_disabled_on[PERSONA:None],telecom,0be7e1b6-c35e-48db-b238-8277c06bccd8,747,False,False,False,dependent,"toggle_airplane_mode,set_network_mode_preference,disconnect_vpn,toggle_data,toggle_data_saver_mode,refuel_data,enable_roaming","get_customer_by_phone,get_customer_by_phone,check_network_status,check_status_bar,run_speed_test,toggle_roaming,enable_roaming,toggle_data",True,False,False,tool_execution
[mms_issue]bad_network_preference|bad_wifi_calling|break_app_both_permissions|data_usage_exceeded|unseat_sim_card|user_abroad_roaming_disabled_off[PERSONA:None],telecom,105c5b73-4f61-4e06-8103-fdbff06eb1dc,1700,False,False,False,dependent,"set_network_mode_preference,toggle_wifi_calling,grant_app_permission,grant_app_permission,refuel_data,reseat_sim_card,enable_roaming,toggle_roaming","get_customer_by_name,get_customer_by_phone,get_customer_by_phone,can_send_mms,toggle_airplane_mode,reseat_sim_card,check_sim_status,toggle_data,reset_apn_settings,set_network_mode_preference,transfer_to_human_agents",False,False,False,tool_execution
[service_issue]airplane_mode_on|break_apn_settings|lock_sim_card_pin|overdue_bill_suspension[PERSONA:Hard],telecom,145e2f15-dd8f-4a33-a3e3-b3619bba0d84,982,True,True,False,single,transfer_to_human_agents,"get_customer_by_phone,check_network_status,check_status_bar,check_sim_status,reboot_device,transfer_to_human_agents",True,False,False,none
[mobile_data_issue]airplane_mode_on|bad_network_preference|data_saver_mode_on|data_usage_exceeded|user_abroad_roaming_disabled_off[PERSONA:None],telecom,15d3821f-b910-4387-bcc7-104dce69bf63,642,False,False,False,dependent,"toggle_airplane_mode,set_network_mode_preference,toggle_data_saver_mode,refuel_data,enable_roaming,toggle_roaming","get_customer_by_phone,set_network_mode_preference,transfer_to_human_agents",True,False,False,tool_execution
[service_issue]airplane_mode_on|break_apn_settings|contract_end_suspension|lock_sim_card_pin[PERSONA:None],telecom,1772ca6c-1f6b-47e6-b38e-d5211abc8c69,458,True,True,False,single,transfer_to_human_agents,"get_customer_by_phone,toggle_airplane_mode,check_sim_status,transfer_to_human_agents",True,False,False,none
[mms_issue]airplane_mode_on|bad_network_preference|bad_wifi_calling|break_apn_mms_setting|break_app_storage_permission|data_mode_off|data_usage_exceeded|unseat_sim_card|user_abroad_roaming_disabled_on[PERSONA:Easy],telecom,18e79c58-d46a-4761-b6ec-08c47df94619,566,False,False,False,dependent,"toggle_airplane_mode,set_network_mode_preference,toggle_wifi_calling,reset_apn_settings,reboot_device,grant_app_permission,toggle_data,refuel_data,reseat_sim_card,enable_roaming","get_customer_by_phone,get_customer_by_phone,transfer_to_human_agents",False,False,False,tool_selection
[mms_issue]bad_wifi_calling|break_apn_mms_setting|break_app_both_permissions|data_mode_off|data_usage_exceeded|user_abroad_roaming_disabled_off[PERSONA:None],telecom,19d49907-d1b1-4570-aded-67c93e3c6503,961,False,False,False,dependent,"toggle_wifi_calling,reset_apn_settings,reboot_device,grant_app_permission,grant_app_permission,toggle_data,refuel_data,enable_roaming,toggle_roaming","get_customer_by_phone,can_send_mms,toggle_data,reset_apn_settings,check_network_mode_preference,grant_app_permission,transfer_to_human_agents",True,False,False,tool_execution
[mms_issue]bad_network_preference|bad_wifi_calling|break_apn_mms_setting|break_app_storage_permission|data_mode_off|data_usage_exceeded|unseat_sim_card[PERSONA:Easy],telecom,1b6af881-3ed7-4c11-9f06-8e874035190d,1021,False,False,False,sequential,"set_network_mode_preference,toggle_wifi_calling,reset_apn_settings,reboot_device,grant_app_permission,toggle_data,refuel_data,reseat_sim_card","get_customer_by_phone,can_send_mms,reseat_sim_card,toggle_data,set_network_mode_preference,reset_apn_settings,transfer_to_human_agents",True,False,False,tool_execution
[mms_issue]bad_network_preference|data_mode_off|user_abroad_roaming_disabled_on[PERSONA:None],telecom,1bd02c7e-d337-4019-8a98-765a105916d3,953,False,False,False,sequential,"set_network_mode_preference,toggle_data,enable_roaming","get_customer_by_phone,can_send_mms,toggle_data,set_network_mode_preference,check_installed_apps,check_app_permissions,transfer_to_human_agents",True,False,False,tool_execution
[mms_issue]airplane_mode_on|bad_network_preference|break_apn_mms_setting|break_app_both_permissions|data_mode_off|data_usage_exceeded|user_abroad_roaming_enabled_off[PERSONA:None],telecom,1e88182b-1d11-4f44-9aba-c1d80226e523,761,False,False,False,sequential,"toggle_airplane_mode,set_network_mode_preference,reset_apn_settings,reboot_device,grant_app_permission,grant_app_permission,toggle_data,refuel_data,toggle_roaming",transfer_to_human_agents,False,False,False,tool_selection
[mms_issue]airplane_mode_on|bad_network_preference|break_app_storage_permission|data_mode_off|user_abroad_roaming_enabled_off[PERSONA:Easy],telecom,28d64f51-80e4-45fb-afc6-b4ef6695ad0a,690,False,False,False,sequential,"toggle_airplane_mode,set_network_mode_preference,grant_app_permission,toggle_data,toggle_roaming","get_customer_by_phone,get_customer_by_phone,get_customer_by_name,transfer_to_human_agents",False,False,False,tool_selection
[mobile_data_issue]data_mode_off|data_usage_exceeded[PERSONA:None],telecom,29bbf7c1-866f-4ff9-9618-d835d2aaea99,621,False,False,False,sequential,"toggle_data,refuel_data","get_customer_by_phone,check_network_status,check_status_bar,toggle_data,check_data_restriction_status,run_speed_test,get_data_usage,reset_apn_settings,transfer_to_human_agents",False,False,False,tool_execution
[mms_issue]bad_network_preference|user_abroad_roaming_disabled_on[PERSONA:None],telecom,29d806d0-5b08-4c60-968b-a6a0f9dd235f,635,False,False,False,sequential,"set_network_mode_preference,enable_roaming","get_customer_by_phone,set_network_mode_preference,transfer_to_human_agents",False,False,False,tool_execution
[service_issue]contract_end_suspension|unseat_sim_card[PERSONA:Hard],telecom,2a14487a-45e8-405f-8a22-917188715dbb,1269,True,True,False,single,transfer_to_human_agents,"get_customer_by_phone,check_network_status,reseat_sim_card,reset_apn_settings,transfer_to_human_agents",True,False,False,none
[mobile_data_issue]bad_network_preference|bad_vpn|user_abroad_roaming_enabled_off[PERSONA:Easy],telecom,2b3cd7e8-c3cc-4d4c-a2b4-73aca7237ac2,803,False,False,False,sequential,"set_network_mode_preference,disconnect_vpn,toggle_roaming","get_customer_by_phone,get_customer_by_phone,check_status_bar,set_network_mode_preference,transfer_to_human_agents",False,False,False,tool_execution
[mms_issue]airplane_mode_on|bad_wifi_calling|break_app_both_permissions|data_mode_off|data_usage_exceeded|unseat_sim_card|user_abroad_roaming_enabled_off[PERSONA:None],telecom,2c518925-3f8f-40b2-a4ea-ba06953c5767,1006,False,False,False,sequential,"toggle_airplane_mode,toggle_wifi_calling,grant_app_permission,grant_app_permission,toggle_data,refuel_data,reseat_sim_card,toggle_roaming","get_customer_by_name,get_customer_by_phone,toggle_airplane_mode,toggle_data,check_sim_status,run_speed_test,check_apn_settings,check_network_mode_preference,reset_apn_settings,check_wifi_calling_status,toggle_wifi_calling,transfer_to_human_agents",True,False,False,tool_execution
[mms_issue]airplane_mode_on|bad_network_preference|bad_wifi_calling|data_usage_exceeded|unseat_sim_card|user_abroad_roaming_disabled_on[PERSONA:Easy],telecom,2f54ec07-c3b5-44f4-bf19-169bd78e3f26,681,False,False,False,dependent,"toggle_airplane_mode,set_network_mode_preference,toggle_wifi_calling,refuel_data,reseat_sim_card,enable_roaming","get_customer_by_phone,check_network_status,check_sim_status,toggle_data,transfer_to_human_agents",True,False,False,tool_selection
[mobile_data_issue]bad_network_preference|bad_vpn|data_mode_off|data_saver_mode_on|data_usage_exceeded|user_abroad_roaming_enabled_off[PERSONA:Easy],telecom,33d574ad-f4f0-4a50-9c6e-08a43d622a02,1636,False,False,False,sequential,"set_network_mode_preference,disconnect_vpn,toggle_data,toggle_data_saver_mode,refuel_data,toggle_roaming","get_customer_by_phone,get_customer_by_phone,run_speed_test,check_network_status,toggle_data,set_network_mode_preference,reseat_sim_card,toggle_data_saver_mode,reset_apn_settings,transfer_to_human_agents",False,False,False,tool_execution
[mms_issue]airplane_mode_on|bad_network_preference|bad_wifi_calling|break_app_sms_permission|data_mode_off|data_usage_exceeded|unseat_sim_card|user_abroad_roaming_disabled_off[PERSONA:None],telecom,34cd7c55-9b7c-4e92-88cf-97ab77bcc997,1314,False,False,False,dependent,"toggle_airplane_mode,set_network_mode_preference,toggle_wifi_calling,grant_app_permission,toggle_data,refuel_data,reseat_sim_card,enable_roaming,toggle_roaming","get_customer_by_phone,check_network_status,toggle_airplane_mode,toggle_data,check_apn_settings,transfer_to_human_agents",False,False,False,tool_execution
[mms_issue]bad_network_preference|bad_wifi_calling|break_app_sms_permission|data_mode_off|data_usage_exceeded|unseat_sim_card|user_abroad_roaming_enabled_off[PERSONA:Easy],telecom,3995b226-e810-4137-8503-ea3d87837fe3,632,False,False,False,sequential,"set_network_mode_preference,toggle_wifi_calling,grant_app_permission,toggle_data,refuel_data,reseat_sim_card,toggle_roaming","get_customer_by_phone,get_customer_by_phone,toggle_data,check_sim_status",True,False,False,tool_execution
[mms_issue]break_app_both_permissions|unseat_sim_card|user_abroad_roaming_disabled_on[PERSONA:Hard],telecom,3a291870-3b85-469d-b2c5-cccf86e694b1,1447,False,False,False,sequential,"grant_app_permission,grant_app_permission,reseat_sim_card,enable_roaming","get_customer_by_phone,can_send_mms,reseat_sim_card,reset_apn_settings,reset_apn_settings,reset_apn_settings,reboot_device,transfer_to_human_agents",True,False,False,tool_execution
[service_issue]break_apn_settings|contract_end_suspension|lock_sim_card_pin[PERSONA:Hard],telecom,3b7b3847-0e0a-407d-85e1-867ce04e3aa9,594,True,True,False,single,transfer_to_human_agents,"get_customer_by_phone,check_network_status,transfer_to_human_agents",False,False,False,none
[service_issue]contract_end_suspension|lock_sim_card_pin[PERSONA:Hard],telecom,3d4713c4-d517-417c-b0ad-5d663b49bc0e,473,True,True,False,single,transfer_to_human_agents,"get_customer_by_phone,check_sim_status,check_network_status,transfer_to_human_agents",False,False,False,none
[mms_issue]break_app_sms_permission|data_usage_exceeded|user_abroad_roaming_disabled_on[PERSONA:None],telecom,3e971c03-ff31-4c2c-8cb3-02e42c910c73,660,False,False,False,dependent,"grant_app_permission,refuel_data,enable_roaming","get_customer_by_phone,check_apn_settings,check_wifi_calling_status,reset_apn_settings,transfer_to_human_agents",False,False,False,tool_selection
[mms_issue]airplane_mode_on|bad_network_preference|bad_wifi_calling|break_apn_mms_setting|break_app_storage_permission|data_usage_exceeded|unseat_sim_card|user_abroad_roaming_disabled_off[PERSONA:Easy],telecom,412c2737-8dd6-4060-b9f6-0bda1a322f22,770,False,False,False,dependent,"toggle_airplane_mode,set_network_mode_preference,toggle_wifi_calling,reset_apn_settings,reboot_device,grant_app_permission,refuel_data,reseat_sim_card,enable_roaming,toggle_roaming","get_customer_by_phone,get_customer_by_phone,get_customer_by_phone,transfer_to_human_agents",False,False,False,tool_selection
[service_issue]airplane_mode_on|lock_sim_card_pin|unseat_sim_card[PERSONA:Hard],telecom,45cca5e4-ae23-4c47-a391-67c4097601c3,642,True,True,False,single,transfer_to_human_agents,"get_customer_by_phone,check_status_bar,toggle_airplane_mode,check_sim_status,check_sim_status,transfer_to_human_agents",True,False,False,none
[mms_issue]bad_network_preference|bad_wifi_calling|break_app_both_permissions|data_usage_exceeded|user_abroad_roaming_disabled_off[PERSONA:Hard],telecom,46f84807-7556-4147-a400-5bb00a9f80b7,906,False,False,False,dependent,"set_network_mode_preference,toggle_wifi_calling,grant_app_permission,grant_app_permission,refuel_data,enable_roaming,toggle_roaming","get_customer_by_phone,can_send_mms,check_network_status,set_network_mode_preference,transfer_to_human_agents",False,False,False,tool_execution
[mms_issue]airplane_mode_on|bad_network_preference|bad_wifi_calling|break_apn_mms_setting|break_app_both_permissions|unseat_sim_card|user_abroad_roaming_enabled_off[PERSONA:Hard],telecom,479c2126-1363-4320-bb26-90e7f035dd8b,1277,False,False,False,sequential,"toggle_airplane_mode,set_network_mode_preference,toggle_wifi_calling,reset_apn_settings,reboot_device,grant_app_permission,grant_app_permission,reseat_sim_card,toggle_roaming","get_customer_by_phone,toggle_airplane_mode,toggle_data,reseat_sim_card,toggle_data,check_apn_settings,set_network_mode_preference,check_network_status,check_apn_settings,check_apn_settings,check_apn_settings",True,False,False,other
[service_issue]airplane_mode_on|overdue_bill_suspension|unseat_sim_card[PERSONA:Easy],telecom,484d6a9e-928e-4fd0-8db6-7d5e7ac42787,582,False,False,False,dependent,"toggle_airplane_mode,send_payment_request,make_payment,resume_line,reboot_device,reseat_sim_card","get_customer_by_name,get_customer_by_phone,transfer_to_human_agents",False,False,False,tool_selection
[mms_issue]airplane_mode_on|bad_network_preference|bad_wifi_calling|break_app_storage_permission|unseat_sim_card[PERSONA:Hard],telecom,49b26946-c7c3-4c95-a645-85716ef83a84,1382,False,False,False,sequential,"toggle_airplane_mode,set_network_mode_preference,toggle_wifi_calling,grant_app_permission,reseat_sim_card","get_customer_by_name,get_customer_by_name,get_customer_by_name,get_customer_by_name,get_customer_by_phone,can_send_mms,toggle_airplane_mode,transfer_to_human_agents",True,False,False,tool_execution
[mms_issue]break_app_both_permissions|data_usage_exceeded[PERSONA:Hard],telecom,4e08c4ae-274b-4815-907e-ec93fd3d0229,1339,False,False,False,sequential,"grant_app_permission,grant_app_permission,refuel_data","get_customer_by_phone,check_apn_settings,transfer_to_human_agents",True,False,False,tool_selection
[mobile_data_issue]bad_network_preference|bad_vpn|user_abroad_roaming_disabled_on[PERSONA:None],telecom,535baebf-1cd3-4881-94fd-bc58501b7d37,389,False,False,False,sequential,"set_network_mode_preference,disconnect_vpn,enable_roaming","get_customer_by_phone,set_network_mode_preference,transfer_to_human_agents",False,False,False,tool_execution
[mobile_data_issue]airplane_mode_on|bad_network_preference|data_usage_exceeded|user_abroad_roaming_disabled_off[PERSONA:Easy],telecom,548115b2-cd03-40ae-abec-286ce443688c,887,False,False,False,dependent,"toggle_airplane_mode,set_network_mode_preference,refuel_data,enable_roaming,toggle_roaming","get_customer_by_phone,toggle_airplane_mode,set_network_mode_preference,run_speed_test,transfer_to_human_agents",True,False,False,tool_execution
[mms_issue]bad_wifi_calling|break_apn_mms_setting|data_mode_off|data_usage_exceeded|unseat_sim_card[PERSONA:None],telecom,549dbb9d-10f0-411a-994c-354a9dd87b37,586,False,False,False,sequential,"toggle_wifi_calling,reset_apn_settings,reboot_device,toggle_data,refuel_data,reseat_sim_card","get_customer_by_phone,toggle_airplane_mode,check_apn_settings,transfer_to_human_agents",False,False,False,tool_selection
[mms_issue]airplane_mode_on|bad_network_preference|bad_wifi_calling|break_apn_mms_setting|break_app_sms_permission|data_mode_off|data_usage_exceeded|unseat_sim_card|user_abroad_roaming_disabled_on[PERSONA:None],telecom,5766b8d2-0485-48da-ac19-13afc5c383f3,330,False,False,False,dependent,"toggle_airplane_mode,set_network_mode_preference,toggle_wifi_calling,reset_apn_settings,reboot_device,grant_app_permission,toggle_data,refuel_data,reseat_sim_card,enable_roaming","get_customer_by_phone,get_customer_by_phone,transfer_to_human_agents",False,False,False,tool_selection
[mms_issue]airplane_mode_on|bad_network_preference|bad_wifi_calling|break_apn_mms_setting|break_app_storage_permission|data_mode_off|data_usage_exceeded|unseat_sim_card[PERSONA:Easy],telecom,5aff9a8b-ae26-4de1-b505-fe2c709bcbaa,1213,False,False,False,sequential,"toggle_airplane_mode,set_network_mode_preference,toggle_wifi_calling,reset_apn_settings,reboot_device,grant_app_permission,toggle_data,refuel_data,reseat_sim_card","get_customer_by_phone,toggle_data,set_network_mode_preference,set_network_mode_preference,reset_apn_settings,reset_apn_settings,toggle_wifi_calling,transfer_to_human_agents",True,False,False,tool_execution
[mobile_data_issue]data_saver_mode_on|data_usage_exceeded[PERSONA:Easy],telecom,5b9f7db9-fab5-430f-82d5-3f10d97a752c,351,False,False,False,sequential,"toggle_data_saver_mode,refuel_data","check_network_status,run_speed_test,toggle_data_saver_mode,toggle_data_saver_mode,transfer_to_human_agents",False,False,False,tool_execution
[mobile_data_issue]bad_vpn|data_saver_mode_on|user_abroad_roaming_disabled_on[PERSONA:None],telecom,5ba40f5e-3a98-4c63-b394-9a868aa149b1,178,False,False,False,sequential,"disconnect_vpn,toggle_data_saver_mode,enable_roaming",,True,False,False,tool_selection
[mobile_data_issue]bad_network_preference|bad_vpn|user_abroad_roaming_disabled_off[PERSONA:Hard],telecom,5fd9bf52-88ea-4898-985d-16af75cde90e,821,False,False,False,sequential,"set_network_mode_preference,disconnect_vpn,enable_roaming,toggle_roaming","get_customer_by_phone,check_network_mode_preference,set_network_mode_preference,transfer_to_human_agents",False,False,False,tool_execution
[mobile_data_issue]bad_network_preference|user_abroad_roaming_enabled_off[PERSONA:Hard],telecom,62c559df-057c-4f56-8fff-06bcccce72d3,1446,False,False,False,sequential,"set_network_mode_preference,toggle_roaming","check_network_status,get_customer_by_phone,get_customer_by_phone,get_details_by_id,enable_roaming,set_network_mode_preference,reset_apn_settings,reset_apn_settings,reboot_device,transfer_to_human_agents",True,False,False,tool_execution
[mobile_data_issue]airplane_mode_on|bad_network_preference|user_abroad_roaming_enabled_off[PERSONA:Easy],telecom,63dccd41-7850-4964-a1e8-efc1f8b23136,970,False,False,False,sequential,"toggle_airplane_mode,set_network_mode_preference,toggle_roaming","get_customer_by_phone,run_speed_test,get_data_usage,transfer_to_human_agents",False,False,False,tool_selection
[mobile_data_issue]data_saver_mode_on|user_abroad_roaming_enabled_off[PERSONA:Easy],telecom,64174f56-b528-42c3-bc00-9f0d50903504,556,False,False,False,sequential,"toggle_data_saver_mode,toggle_roaming","get_customer_by_phone,toggle_data_saver_mode,check_apn_settings,transfer_to_human_agents",True,False,False,tool_execution
[mms_issue]airplane_mode_on|bad_network_preference|data_usage_exceeded[PERSONA:None],telecom,66f070d0-d97a-4d04-9f03-ebd000097b4a,263,False,False,False,sequential,"toggle_airplane_mode,set_network_mode_preference,refuel_data",transfer_to_human_agents,False,False,False,tool_selection
[mobile_data_issue]airplane_mode_on|bad_network_preference|data_mode_off|data_usage_exceeded|user_abroad_roaming_disabled_on[PERSONA:None],telecom,6b6b2d4f-5c19-41dc-96ea-ec940efea7c6,1122,False,False,False,dependent,"toggle_airplane_mode,set_network_mode_preference,toggle_data,refuel_data,enable_roaming","get_customer_by_phone,toggle_airplane_mode,toggle_data,set_network_mode_preference,run_speed_test,get_details_by_id,get_details_by_id,get_details_by_id,get_details_by_id,refuel_data,transfer_to_human_agents",True,False,False,tool_execution
[service_issue]airplane_mode_on|break_apn_settings|lock_sim_card_pin|unseat_sim_card[PERSONA:None],telecom,6e3234e0-dba0-400c-8538-6c8474a93026,537,True,True,False,single,transfer_to_human_agents,"get_customer_by_phone,check_network_status,reset_apn_settings,transfer_to_human_agents",False,False,False,none
[mms_issue]airplane_mode_on|break_app_both_permissions[PERSONA:Hard],telecom,70c82d50-9928-4878-b83b-5c0a98534754,880,False,False,False,sequential,"toggle_airplane_mode,grant_app_permission,grant_app_permission","get_customer_by_phone,check_apn_settings,reset_apn_settings,transfer_to_human_agents",True,False,False,tool_selection
[mobile_data_issue]bad_network_preference|bad_vpn|data_mode_off|data_saver_mode_on[PERSONA:None],telecom,72333c1e-0f44-4ffa-a70a-c1b6e46a8df8,1769,False,False,False,sequential,"set_network_mode_preference,disconnect_vpn,toggle_data,toggle_data_saver_mode","get_customer_by_phone,get_customer_by_phone,get_customer_by_name,get_customer_by_name,transfer_to_human_agents",False,False,False,tool_selection
[mms_issue]airplane_mode_on|bad_network_preference|bad_wifi_calling|break_apn_mms_setting|break_app_both_permissions|data_mode_off|data_usage_exceeded|unseat_sim_card|user_abroad_roaming_disabled_on[PERSONA:Hard],telecom,74ddd377-a8ad-4317-a305-2bf132b7f1a2,634,False,False,False,dependent,"toggle_airplane_mode,set_network_mode_preference,toggle_wifi_calling,reset_apn_settings,reboot_device,grant_app_permission,grant_app_permission,toggle_data,refuel_data,reseat_sim_card,enable_roaming","get_customer_by_phone,get_customer_by_phone,transfer_to_human_agents",False,False,False,tool_selection
[mms_issue]break_app_sms_permission|data_mode_off[PERSONA:None],telecom,7589f7c1-08c0-48e6-8624-84029c56e92b,421,False,False,False,sequential,"grant_app_permission,toggle_data","get_customer_by_phone,get_customer_by_phone,transfer_to_human_agents",False,False,False,tool_selection
[mms_issue]break_apn_mms_setting|data_mode_off|user_abroad_roaming_disabled_on[PERSONA:Hard],telecom,7a7ea41d-86a0-494f-99ce-baed86af3505,1450,False,False,False,sequential,"reset_apn_settings,reboot_device,toggle_data,enable_roaming","get_customer_by_phone,can_send_mms,check_network_status,transfer_to_human_agents",False,False,False,tool_selection
[service_issue]airplane_mode_on|lock_sim_card_pin[PERSONA:Easy],telecom,7eff67af-91d5-4e61-a356-d8ae96dae5f9,721,True,True,False,single,transfer_to_human_agents,"get_customer_by_phone,toggle_airplane_mode,check_sim_status,transfer_to_human_agents",False,False,False,none
[mms_issue]bad_network_preference|break_app_sms_permission|user_abroad_roaming_disabled_on[PERSONA:Hard],telecom,7f468349-04c6-44cc-a215-e6d6087cdf6f,409,False,False,False,sequential,"set_network_mode_preference,grant_app_permission,enable_roaming",,True,False,False,tool_selection
[mms_issue]airplane_mode_on|bad_network_preference|break_apn_mms_setting|data_mode_off|unseat_sim_card|user_abroad_roaming_disabled_off[PERSONA:Easy],telecom,820b65f8-e4f7-4436-9d00-c0e0121909a1,700,False,False,False,sequential,"toggle_airplane_mode,set_network_mode_preference,reset_apn_settings,reboot_device,toggle_data,reseat_sim_card,enable_roaming,toggle_roaming","get_customer_by_phone,can_send_mms,check_network_status,toggle_airplane_mode,check_sim_status,transfer_to_human_agents",False,False,False,tool_execution
[service_issue]break_apn_settings|lock_sim_card_pin|overdue_bill_suspension[PERSONA:Easy],telecom,83685453-d12f-4862-b9c5-a7dbc5e8e06d,747,False,False,False,single,transfer_to_human_agents,get_customer_by_phone,False,False,False,tool_selection
[service_issue]lock_sim_card_pin|overdue_bill_suspension[PERSONA:Easy],telecom,836e4fb5-48ed-4c70-aa57-b24afee46bcb,603,True,True,False,single,transfer_to_human_agents,"get_customer_by_phone,check_sim_status,check_network_status,transfer_to_human_agents",False,False,False,none
[service_issue]airplane_mode_on|break_apn_settings|overdue_bill_suspension[PERSONA:None],telecom,88d2f0dc-7c66-4231-8cf9-7e2ff3206973,370,False,False,False,dependent,"toggle_airplane_mode,reset_apn_settings,reboot_device,send_payment_request,make_payment,resume_line,reboot_device",transfer_to_human_agents,False,False,False,tool_selection
[service_issue]airplane_mode_on|lock_sim_card_pin|overdue_bill_suspension|unseat_sim_card[PERSONA:Easy],telecom,8cfa9a49-bbf9-44fb-b5ee-699dec3494e8,639,True,True,False,single,transfer_to_human_agents,"get_customer_by_phone,toggle_airplane_mode,check_sim_status,transfer_to_human_agents",True,False,False,none
[mobile_data_issue]airplane_mode_on|data_mode_off|data_saver_mode_on|data_usage_exceeded|user_abroad_roaming_enabled_off[PERSONA:Hard],telecom,94bfb86b-c059-426b-b013-2938648f944e,1050,False,False,False,sequential,"toggle_airplane_mode,toggle_data,toggle_data_saver_mode,refuel_data,toggle_roaming","get_customer_by_phone,check_network_status,toggle_airplane_mode,run_speed_test,toggle_data,run_speed_test,run_speed_test,transfer_to_human_agents",True,False,False,tool_execution
[service_issue]break_apn_settings|contract_end_suspension|lock_sim_card_pin|unseat_sim_card[PERSONA:Hard],telecom,98626b50-c854-414f-bdee-63043d44d44d,650,True,True,False,single,transfer_to_human_agents,"get_customer_by_phone,check_sim_status,reseat_sim_card,check_network_status,transfer_to_human_agents",True,False,False,none
[mms_issue]airplane_mode_on|break_app_both_permissions|data_usage_exceeded|user_abroad_roaming_disabled_off[PERSONA:None],telecom,995cd25f-b573-4904-81ab-64bd5ffb5dec,681,False,False,False,dependent,"toggle_airplane_mode,grant_app_permission,grant_app_permission,refuel_data,enable_roaming,toggle_roaming","get_customer_by_phone,check_network_status,reset_apn_settings,transfer_to_human_agents",True,False,False,tool_selection
[service_issue]airplane_mode_on|break_apn_settings|unseat_sim_card[PERSONA:None],telecom,9a77b676-7240-411e-83f1-dc66f7812f95,808,False,False,False,sequential,"toggle_airplane_mode,reset_apn_settings,reboot_device,reseat_sim_card","get_customer_by_phone,toggle_airplane_mode,check_sim_status,transfer_to_human_agents",False,False,False,tool_execution
[mobile_data_issue]airplane_mode_on|user_abroad_roaming_enabled_off[PERSONA:None],telecom,9da347c7-26b9-414d-ae21-ad31d2a8e73b,748,False,False,False,sequential,"toggle_airplane_mode,toggle_roaming","get_customer_by_phone,get_customer_by_phone,get_customer_by_phone,check_network_status,run_speed_test,reset_apn_settings,get_data_usage,transfer_to_human_agents",True,False,False,tool_selection
[mms_issue]bad_wifi_calling|break_apn_mms_setting|break_app_sms_permission|data_usage_exceeded[PERSONA:Hard],telecom,a681d53d-34f8-471d-b348-30841cc3b289,1471,False,False,False,sequential,"toggle_wifi_calling,reset_apn_settings,reboot_device,grant_app_permission,refuel_data","check_network_status,get_customer_by_phone,check_sim_status,transfer_to_human_agents",True,False,False,tool_selection
[service_issue]airplane_mode_on|break_apn_settings|overdue_bill_suspension|unseat_sim_card[PERSONA:None],telecom,a77521a7-66ac-4fb6-8e83-72b2dca0de75,609,False,False,False,dependent,"toggle_airplane_mode,reset_apn_settings,reboot_device,send_payment_request,make_payment,resume_line,reboot_device,reseat_sim_card","get_customer_by_phone,toggle_airplane_mode,check_sim_status,reset_apn_settings,transfer_to_human_agents",True,False,False,tool_execution
[service_issue]airplane_mode_on|unseat_sim_card[PERSONA:None],telecom,a85c7f5c-313d-4b39-a927-4660f8b92ab3,481,True,True,True,sequential,"toggle_airplane_mode,reseat_sim_card","get_customer_by_phone,toggle_airplane_mode,toggle_airplane_mode,reseat_sim_card",True,False,False,none
[mobile_data_issue]airplane_mode_on|data_mode_off[PERSONA:None],telecom,a95061ff-4c8c-45e6-9ed8-44926787d47c,225,False,False,False,sequential,"toggle_airplane_mode,toggle_data",,True,False,False,tool_selection
[mobile_data_issue]airplane_mode_on|bad_network_preference|data_mode_off|data_saver_mode_on|data_usage_exceeded|user_abroad_roaming_disabled_on[PERSONA:None],telecom,ab42a9ce-3ae6-421d-8e9e-5daca4ba25fa,696,False,False,False,dependent,"toggle_airplane_mode,set_network_mode_preference,toggle_data,toggle_data_saver_mode,refuel_data,enable_roaming","get_customer_by_phone,check_network_status,toggle_data,set_network_mode_preference,toggle_data_saver_mode,transfer_to_human_agents",True,False,False,tool_execution
[mms_issue]airplane_mode_on|bad_network_preference|bad_wifi_calling|break_apn_mms_setting|break_app_both_permissions|data_mode_off|data_usage_exceeded|unseat_sim_card|user_abroad_roaming_disabled_off[PERSONA:Hard],telecom,b0ae08f3-bf72-4396-8766-ac8c8ea91315,975,False,False,False,dependent,"toggle_airplane_mode,set_network_mode_preference,toggle_wifi_calling,reset_apn_settings,reboot_device,grant_app_permission,grant_app_permission,toggle_data,refuel_data,reseat_sim_card,enable_roaming,toggle_roaming","get_customer_by_phone,get_customer_by_phone,can_send_mms,check_network_status,toggle_airplane_mode,check_sim_status,transfer_to_human_agents",False,False,False,tool_execution
[service_issue]airplane_mode_on|contract_end_suspension|lock_sim_card_pin|unseat_sim_card[PERSONA:Hard],telecom,b0ea18c4-dcdc-4bcd-88d7-95a47e5ef516,1089,True,True,False,single,transfer_to_human_agents,"get_customer_by_name,get_customer_by_phone,get_customer_by_phone,get_customer_by_phone,toggle_airplane_mode,check_network_status,toggle_airplane_mode,transfer_to_human_agents",False,False,False,none
[mms_issue]bad_wifi_calling|data_mode_off|data_usage_exceeded[PERSONA:Easy],telecom,b26b5dfd-3940-47ab-abd8-f5eaa8278d48,1270,False,False,False,sequential,"toggle_wifi_calling,toggle_data,refuel_data","get_customer_by_phone,check_status_bar,check_network_status,toggle_data,reset_apn_settings,toggle_wifi_calling,transfer_to_human_agents",True,False,False,tool_execution
[mms_issue]airplane_mode_on|bad_network_preference|break_apn_mms_setting|break_app_storage_permission[PERSONA:None],telecom,b27e784d-7407-486c-be7b-b779f1a3a912,760,False,False,False,sequential,"toggle_airplane_mode,set_network_mode_preference,reset_apn_settings,reboot_device,grant_app_permission","get_customer_by_name,get_customer_by_name,get_customer_by_phone,can_send_mms,check_apn_settings,toggle_airplane_mode,set_network_mode_preference,set_network_mode_preference,check_apn_settings,transfer_to_human_agents",True,False,False,tool_execution
[mms_issue]bad_network_preference|break_app_sms_permission|data_mode_off|data_usage_exceeded|user_abroad_roaming_enabled_off[PERSONA:None],telecom,b2856a4f-f9a3-4e33-9c0e-732d4c741f3a,1130,False,False,False,sequential,"set_network_mode_preference,grant_app_permission,toggle_data,refuel_data,toggle_roaming","get_customer_by_name,get_customer_by_phone,can_send_mms,check_apn_settings,check_network_status,check_sim_status,reset_apn_settings,check_apn_settings,transfer_to_human_agents",False,False,False,tool_selection
[mms_issue]airplane_mode_on|bad_network_preference|bad_wifi_calling|break_app_storage_permission|data_mode_off|data_usage_exceeded|unseat_sim_card|user_abroad_roaming_enabled_off[PERSONA:Hard],telecom,b6db98a2-9add-4810-b6da-c83eef47e3f8,1685,False,False,False,sequential,"toggle_airplane_mode,set_network_mode_preference,toggle_wifi_calling,grant_app_permission,toggle_data,refuel_data,reseat_sim_card,toggle_roaming","get_customer_by_phone,toggle_airplane_mode,can_send_mms,toggle_data,toggle_data,reseat_sim_card,check_apn_settings,reset_apn_settings,transfer_to_human_agents",True,False,False,tool_execution
[mms_issue]break_apn_mms_setting|data_mode_off|data_usage_exceeded|user_abroad_roaming_disabled_on[PERSONA:Hard],telecom,b832ae25-46a8-4af0-af8a-d7752d76b1c0,992,False,False,False,dependent,"reset_apn_settings,reboot_device,toggle_data,refuel_data,enable_roaming","check_network_status,check_status_bar,toggle_data,get_customer_by_phone,get_details_by_id,get_details_by_id,reset_apn_settings,reboot_device,can_send_mms,transfer_to_human_agents",False,False,False,tool_execution
[mobile_data_issue]bad_network_preference|data_saver_mode_on|data_usage_exceeded[PERSONA:Hard],telecom,c280f755-3d37-4a5d-829f-b84dfdfdc442,1252,False,False,False,sequential,"set_network_mode_preference,toggle_data_saver_mode,refuel_data","get_customer_by_phone,get_customer_by_phone,toggle_data_saver_mode,run_speed_test,transfer_to_human_agents",False,False,False,tool_execution
[service_issue]airplane_mode_on|break_apn_settings|contract_end_suspension|unseat_sim_card[PERSONA:Easy],telecom,c3ae7dd4-6248-4c5b-9918-5ba822d46c9f,610,True,True,False,single,transfer_to_human_agents,"get_customer_by_phone,toggle_airplane_mode,transfer_to_human_agents",False,False,False,none
[mobile_data_issue]airplane_mode_on|bad_network_preference|bad_vpn|data_mode_off|data_saver_mode_on|user_abroad_roaming_disabled_off[PERSONA:Hard],telecom,c4d132de-e795-4ecf-8af1-6d89cd84913c,602,False,False,False,sequential,"toggle_airplane_mode,set_network_mode_preference,disconnect_vpn,toggle_data,toggle_data_saver_mode,enable_roaming,toggle_roaming","get_customer_by_phone,check_status_bar,toggle_data,transfer_to_human_agents",False,False,False,tool_execution
[mms_issue]airplane_mode_on|bad_network_preference|bad_wifi_calling|break_apn_mms_setting|break_app_storage_permission|data_mode_off|data_usage_exceeded|unseat_sim_card|user_abroad_roaming_disabled_off[PERSONA:Easy],telecom,c4da1933-46e6-4747-8bed-2db1d70bacdf,950,False,False,False,dependent,"toggle_airplane_mode,set_network_mode_preference,toggle_wifi_calling,reset_apn_settings,reboot_device,grant_app_permission,toggle_data,refuel_data,reseat_sim_card,enable_roaming,toggle_roaming","can_send_mms,check_apn_settings,check_network_status,toggle_roaming,get_customer_by_phone,enable_roaming,reset_apn_settings,transfer_to_human_agents",True,False,False,tool_execution
[mms_issue]break_app_storage_permission|unseat_sim_card|user_abroad_roaming_disabled_on[PERSONA:Easy],telecom,c5f0e242-2b9f-4bdf-a4ba-3624543891ae,730,False,False,False,sequential,"grant_app_permission,reseat_sim_card,enable_roaming","get_customer_by_phone,toggle_data,reseat_sim_card,check_apn_settings,transfer_to_human_agents",False,False,False,tool_execution
[mms_issue]bad_network_preference|break_app_both_permissions[PERSONA:Easy],telecom,cd24fc21-22c9-406a-8e18-6e8b1851cfe8,1284,False,True,True,sequential,"set_network_mode_preference,grant_app_permission,grant_app_permission","get_customer_by_phone,check_network_status,set_network_mode_preference,reboot_device,check_app_permissions,grant_app_permission,grant_app_permission,can_send_mms,transfer_to_human_agents",True,False,False,tool_execution
[mobile_data_issue]airplane_mode_on|bad_network_preference|bad_vpn|data_mode_off|data_saver_mode_on|data_usage_exceeded|user_abroad_roaming_enabled_off[PERSONA:Easy],telecom,ce03902f-57af-4c6e-a148-77db5bac728b,1010,False,False,False,sequential,"toggle_airplane_mode,set_network_mode_preference,disconnect_vpn,toggle_data,toggle_data_saver_mode,refuel_data,toggle_roaming","get_customer_by_phone,check_status_bar,toggle_airplane_mode,toggle_data,set_network_mode_preference,run_speed_test,run_speed_test,run_speed_test,run_speed_test,transfer_to_human_agents",True,False,False,tool_execution
[service_issue]overdue_bill_suspension|unseat_sim_card[PERSONA:Easy],telecom,ce2d5ab6-3264-4f41-9b0b-6398778dd64d,490,False,False,False,dependent,"send_payment_request,make_payment,resume_line,reboot_device,reseat_sim_card","get_customer_by_phone,check_sim_status,transfer_to_human_agents",True,False,False,tool_selection
[service_issue]airplane_mode_on|lock_sim_card_pin|overdue_bill_suspension[PERSONA:Easy],telecom,ce3a71e3-fbc4-405e-870a-2957fe1ed406,731,True,True,False,single,transfer_to_human_agents,"get_customer_by_phone,toggle_airplane_mode,reseat_sim_card,check_sim_status,transfer_to_human_agents",False,False,False,none
[mobile_data_issue]airplane_mode_on|bad_network_preference|data_mode_off|data_saver_mode_on[PERSONA:Hard],telecom,cfe215fc-f222-4bcd-a382-3b593050d7d9,960,False,False,False,sequential,"toggle_airplane_mode,set_network_mode_preference,toggle_data,toggle_data_saver_mode","get_customer_by_phone,toggle_data,set_network_mode_preference,transfer_to_human_agents",True,False,False,tool_execution
[mobile_data_issue]data_usage_exceeded|user_abroad_roaming_enabled_off[PERSONA:Easy],telecom,d3101df3-6b93-4717-99b8-4e9869bb36bc,878,False,False,False,sequential,"refuel_data,toggle_roaming","get_customer_by_phone,run_speed_test,enable_roaming,check_data_restriction_status,reset_apn_settings,transfer_to_human_agents",False,False,False,tool_selection
[service_issue]airplane_mode_on|overdue_bill_suspension[PERSONA:None],telecom,d4e34b53-3f4c-4538-a7ea-eafecc368876,583,False,False,False,dependent,"toggle_airplane_mode,send_payment_request,make_payment,resume_line,reboot_device","get_customer_by_phone,get_customer_by_phone,transfer_to_human_agents",False,False,False,tool_selection
[mms_issue]airplane_mode_on|bad_network_preference|bad_wifi_calling|break_apn_mms_setting|break_app_sms_permission|data_mode_off|data_usage_exceeded|unseat_sim_card|user_abroad_roaming_enabled_off[PERSONA:None],telecom,d5b61042-d5c4-482e-bcd3-f015c0c02cf6,937,False,False,False,sequential,"toggle_airplane_mode,set_network_mode_preference,toggle_wifi_calling,reset_apn_settings,reboot_device,grant_app_permission,toggle_data,refuel_data,reseat_sim_card,toggle_roaming","get_customer_by_phone,check_status_bar,toggle_airplane_mode,toggle_data,set_network_mode_preference,check_app_permissions,transfer_to_human_agents",True,False,False,tool_execution
[mms_issue]break_app_storage_permission|data_usage_exceeded[PERSONA:Easy],telecom,d6524bac-25ea-42de-a6c0-2c6d8b3ed52f,1260,False,False,False,sequential,"grant_app_permission,refuel_data","get_customer_by_phone,can_send_mms,get_data_usage,reset_apn_settings,grant_app_permission,transfer_to_human_agents",True,False,False,tool_execution
[mms_issue]bad_wifi_calling|break_apn_mms_setting|unseat_sim_card|user_abroad_roaming_enabled_off[PERSONA:Easy],telecom,d9a57e55-94ec-4c32-a4f2-0162f0ed904e,910,False,False,False,sequential,"toggle_wifi_calling,reset_apn_settings,reboot_device,reseat_sim_card,toggle_roaming","get_customer_by_phone,check_network_status,toggle_airplane_mode,reseat_sim_card,can_send_mms,reset_apn_settings,transfer_to_human_agents",False,False,False,tool_execution
[mobile_data_issue]bad_network_preference|bad_vpn|data_saver_mode_on|data_usage_exceeded|user_abroad_roaming_disabled_off[PERSONA:Easy],telecom,daf34b3e-c212-4c20-8bcb-812544cacc45,542,False,False,False,dependent,"set_network_mode_preference,disconnect_vpn,toggle_data_saver_mode,refuel_data,enable_roaming,toggle_roaming","get_customer_by_phone,run_speed_test,check_network_status,set_network_mode_preference,transfer_to_human_agents",False,False,False,tool_execution
[mms_issue]airplane_mode_on|bad_network_preference|break_apn_mms_setting|data_usage_exceeded[PERSONA:Hard],telecom,dfbdee8c-7d08-434a-898d-bd4a71f521b6,1106,False,False,False,sequential,"toggle_airplane_mode,set_network_mode_preference,reset_apn_settings,reboot_device,refuel_data","get_customer_by_phone,can_send_mms,check_network_status,check_apn_settings,reset_apn_settings,transfer_to_human_agents",False,False,False,tool_execution
[mobile_data_issue]bad_network_preference|bad_vpn|data_usage_exceeded|user_abroad_roaming_disabled_off[PERSONA:Easy],telecom,dfd16951-4729-4098-ad5f-028f6303f318,806,False,False,False,dependent,"set_network_mode_preference,disconnect_vpn,refuel_data,enable_roaming,toggle_roaming","get_customer_by_phone,check_network_status,check_data_restriction_status,get_data_usage,transfer_to_human_agents",False,False,False,tool_selection
[mms_issue]break_apn_mms_setting|user_abroad_roaming_enabled_off[PERSONA:Hard],telecom,dfd2f0ca-b4b7-482e-8513-57da178cdd35,1100,False,False,False,sequential,"reset_apn_settings,reboot_device,toggle_roaming","check_sim_status,check_network_status,check_apn_settings,check_wifi_status,check_app_permissions,get_customer_by_phone,can_send_mms,get_details_by_id,check_network_status,check_apn_settings,transfer_to_human_agents",True,False,False,tool_selection
[mobile_data_issue]airplane_mode_on|bad_network_preference|bad_vpn|data_saver_mode_on|data_usage_exceeded|user_abroad_roaming_enabled_off[PERSONA:None],telecom,e55a574e-898b-455f-828f-1f38a29013f3,208,False,False,False,sequential,"toggle_airplane_mode,set_network_mode_preference,disconnect_vpn,toggle_data_saver_mode,refuel_data,toggle_roaming",,True,False,False,tool_selection
[service_issue]airplane_mode_on|break_apn_settings|contract_end_suspension|lock_sim_card_pin|unseat_sim_card[PERSONA:Easy],telecom,eb1515b1-28f6-4beb-a310-c453761013a2,1271,True,True,False,single,transfer_to_human_agents,"get_customer_by_phone,get_customer_by_phone,get_customer_by_phone,check_network_status,toggle_airplane_mode,transfer_to_human_agents",True,False,False,none
[service_issue]airplane_mode_on|break_apn_settings|lock_sim_card_pin|overdue_bill_suspension|unseat_sim_card[PERSONA:None],telecom,ed4a5a5d-11f0-41c9-b6ef-3b63e4743117,1040,True,True,False,single,transfer_to_human_agents,"get_customer_by_phone,check_network_status,check_status_bar,toggle_airplane_mode,reseat_sim_card,transfer_to_human_agents",False,False,False,none
[mobile_data_issue]bad_network_preference|data_mode_off|data_saver_mode_on|data_usage_exceeded|user_abroad_roaming_disabled_off[PERSONA:Easy],telecom,ee70a181-5b41-452b-bf16-5ae1cfc8e9f8,390,False,False,False,dependent,"set_network_mode_preference,toggle_data,toggle_data_saver_mode,refuel_data,enable_roaming,toggle_roaming","get_customer_by_phone,check_network_status,check_data_restriction_status,toggle_data_saver_mode,set_network_mode_preference,set_network_mode_preference,toggle_data_saver_mode,toggle_data,toggle_data,transfer_to_human_agents",False,False,False,tool_execution
[mms_issue]airplane_mode_on|bad_network_preference|break_app_both_permissions|data_usage_exceeded|unseat_sim_card|user_abroad_roaming_disabled_on[PERSONA:Hard],telecom,ef4c0fb4-1a32-4dbb-8cd0-fec1a8a138b7,600,False,False,False,dependent,"toggle_airplane_mode,set_network_mode_preference,grant_app_permission,grant_app_permission,refuel_data,reseat_sim_card,enable_roaming","get_customer_by_phone,get_customer_by_phone,transfer_to_human_agents",False,False,False,tool_selection
[mobile_data_issue]bad_vpn|data_mode_off|data_usage_exceeded|user_abroad_roaming_disabled_off[PERSONA:None],telecom,f22b43de-1a2b-41cf-92fc-ef045c9feb4c,788,False,False,False,dependent,"disconnect_vpn,toggle_data,refuel_data,enable_roaming,toggle_roaming","get_customer_by_phone,get_customer_by_phone,get_customer_by_phone,get_customer_by_name,transfer_to_human_agents",False,False,False,tool_selection
[mobile_data_issue]airplane_mode_on|data_saver_mode_on|user_abroad_roaming_disabled_on[PERSONA:None],telecom,f2c3eff0-de17-45ed-aa4d-a3ef63461ba0,1010,False,False,False,sequential,"toggle_airplane_mode,toggle_data_saver_mode,enable_roaming","get_customer_by_phone,toggle_airplane_mode,run_speed_test,toggle_data,get_data_usage,check_apn_settings,reboot_device,transfer_to_human_agents",True,False,False,tool_execution
[mms_issue]bad_network_preference|user_abroad_roaming_disabled_off[PERSONA:None],telecom,f2f788f5-c14c-4d2b-8ed0-b026ea6c04d1,612,False,False,False,sequential,"set_network_mode_preference,enable_roaming,toggle_roaming","get_customer_by_phone,get_customer_by_phone,enable_roaming,check_apn_settings,reset_apn_settings,transfer_to_human_agents",False,False,False,tool_execution
[service_issue]airplane_mode_on|break_apn_settings|lock_sim_card_pin[PERSONA:None],telecom,f30cb543-1bcf-470b-ba4e-7d8336f655b4,699,True,True,False,single,transfer_to_human_agents,"get_customer_by_phone,toggle_airplane_mode,toggle_data,transfer_to_human_agents",False,False,False,none
[mobile_data_issue]airplane_mode_on|bad_network_preference|bad_vpn|data_mode_off|data_usage_exceeded|user_abroad_roaming_enabled_off[PERSONA:Easy],telecom,f33a6a99-336d-48b3-aada-0b1665b72eaf,1590,False,False,False,sequential,"toggle_airplane_mode,set_network_mode_preference,disconnect_vpn,toggle_data,refuel_data,toggle_roaming","get_customer_by_phone,run_speed_test,check_network_status,toggle_airplane_mode,disconnect_vpn,toggle_data,disconnect_vpn,set_network_mode_preference,transfer_to_human_agents",True,False,False,tool_execution
[mobile_data_issue]airplane_mode_on|bad_network_preference|data_mode_off|user_abroad_roaming_disabled_on[PERSONA:Hard],telecom,f3ade1fc-debd-4812-82b9-64b57800e4f5,1282,False,False,False,sequential,"toggle_airplane_mode,set_network_mode_preference,toggle_data,enable_roaming","get_customer_by_phone,toggle_data,set_network_mode_preference,run_speed_test,transfer_to_human_agents",False,False,False,tool_execution
[mms_issue]airplane_mode_on|bad_wifi_calling|user_abroad_roaming_enabled_off[PERSONA:Easy],telecom,f46787c8-3597-447d-8ff2-7e40606bebca,828,False,False,False,sequential,"toggle_airplane_mode,toggle_wifi_calling,toggle_roaming","get_customer_by_phone,check_network_status,check_status_bar,check_apn_settings,transfer_to_human_agents",False,False,False,tool_selection
[mobile_data_issue]airplane_mode_on|bad_network_preference|bad_vpn|data_saver_mode_on|user_abroad_roaming_disabled_on[PERSONA:Easy],telecom,f61971e7-1126-4039-9e49-978176b12d3c,1336,False,False,False,sequential,"toggle_airplane_mode,set_network_mode_preference,disconnect_vpn,toggle_data_saver_mode,enable_roaming","get_customer_by_name,get_customer_by_phone,check_vpn_status,check_network_status,toggle_data,toggle_data_saver_mode,set_network_mode_preference,transfer_to_human_agents",True,False,False,tool_execution
[mobile_data_issue]data_mode_off|data_usage_exceeded|user_abroad_roaming_disabled_off[PERSONA:Hard],telecom,f83ec84a-2c1f-4c8c-9d6f-ff2d7168fdbe,1090,False,False,False,dependent,"toggle_data,refuel_data,enable_roaming,toggle_roaming","get_customer_by_phone,toggle_data,toggle_data,run_speed_test,reset_apn_settings,check_network_status,check_network_status,check_sim_status,transfer_to_human_agents",True,False,False,tool_execution
